1,2,3,4,5,6,7
ÇOK ACİL AVCILAR YEŞİLKENT MAHALLESİNDE SATILIK 6 DAİRELİK BİNA,7,1.0,Doğalgaz (Kombi),120.0,4.750.000 TL,
Merkezi konum ve lokasyon da,4,1.0,Doğalgaz (Kombi),320.0,10.900.000 TL,
Bağcılarda Satılık 5000 m2 İskanlı Komple Bina,8,1.0,Yok,5.0,175.000.000 TL,
,,,,,,
ÜSKÜDAR da 6 DAİRE 1 DÜKKAN 630M2 KOMPLE BİNA,5,1.0,Doğalgaz (Kombi),630.0,30.000.000 TL,
KADIKÖY MERKEZDE 5 KATLI 250 m2 SATILIK BİNA,5,1.0,Doğalgaz (Merkezi),55.0,21.000.000 TL,
satılık bina,6,1.0,Doğalgaz (Kombi),257.0,15.500.000 TL,
ÜMRANİYE NATO YOLU MODOKO'YA YAKIN KOMPLE SATILIK BİNA,3,1.0,Doğalgaz (Kombi),115.0,16.250.000 TL,
AYBARS'DAN KADIKÖY KADİFE SOKAKTA KOPLE SATILIK BİNA,4,1.0,Doğalgaz (Kombi),360.0,31.500.000 TL,
sahibinden satılık daire temiz pazarlık olur,5,1.0,Doğalgaz (Kombi),160.0,1.950.000.000 TL,
ŞİŞLİ VE BEYOĞLU PİYALEPAŞA CADDESİNDE KURUMSAL KİRACILI BİNA,9 +,1.0,VRV,14.0,850.000.000 TL,
BALAT MERKEZ'DE SATILIK 5-KATLI BETONARME BİNA,5,1.0,Doğalgaz (Kombi),350.0,17.000.000 TL,
G.O.PAŞA 8 KATLI 5000m² KURUMSAL KİRACILI ÇİFT ASANSÖRLÜ BİNA,8,1.0,Doğalgaz (Kombi),5.0,117.500.000 TL,
SİLİVRİ SEMİZKUMLAR DA SATILIK KOMPLE BİNA,3,1.0,Doğalgaz (Kombi),230.0,9.000.000 TL,
SATİLİK 8 DAİRE 1 DÜKKAN GÖL MANZARALI,4,2.0,Doğalgaz (Kombi),480.0,12.800.000 TL,
pendik kaynarcada satılık imarlı arsa,4,1.0,Yok,334.0,7.100.000 TL,
Maltepe Yalı Mahallesi Beşçeşmeler' de Yatırımlık Eski Eser,4,1.0,Doğalgaz (Kombi),75.0,2.750.000 TL,
"""YUŞA EVİM'DEN""SIFIR SATILIK BİNA",5,1.0,Doğalgaz (Kombi),545.0,18.500.000 TL,
Sahibinden Bayrampaşa'da 4 Katlı 4 Daireli Bina Satılıktır..,4,1.0,Doğalgaz (Kombi),65.0,5.800.000 TL,
FATİH TOPKAPI ERESİN OTEL ARKASI SATILIK BİNA 60M2 KURULUM 4'KAT,4,1.0,Doğalgaz (Kombi),240.0,9.000.000 TL,
*FUL YAPILI*6 DAİRE+1 DÜKKAN*ARSA M2 168*/*KOMPLE SATILIK BİNA*,2,2.0,Doğalgaz (Kombi),168.0,15.000.000 TL,
BEYLERBEYİ KORU'DA 1970 M2 ARSA İÇİNDE BOĞAZ MANZARALI BİNA,3,2.0,Doğalgaz (Kombi),1.0,275.000.000 TL,
Sarıyer Tarabya Satılık Bina 5 Katlı Manzaralı Kiracılı Fırsat,4,1.0,Doğalgaz (Kombi),700.0,24.500.000 TL,
ACİL SATILIK BİNA KISA SÜRELİĞİNE KAÇIRILMAYACAK SÜPRİZ FİYATLI,4,1.0,Doğalgaz (Kombi),260.0,23.250.000 TL,
Kurtuluş'ta 3 Katlı Müstakil Satılık Bina,3,1.0,Doğalgaz (Kombi),100.0,4.000.000 TL,
ÇELEBİOĞLU GAYRİMENKUL BEYKOZ TOKATKÖY MAH. SATILIK BİNA,2,1.0,Doğalgaz (Kombi),238.0,2.100.000 TL,
LALELİ de SATILIK KOMPLE KONUT+TİCARİ BİNA,4,1.0,Doğalgaz (Kombi),70.0,20.000.000 TL,
ARNAVUTKÖY BOĞAZKÖY SATILIK BAHÇE KATI 2+1,1,1.0,Doğalgaz (Kombi),90.0,1.500.000 TL,
"TARİHİ BİNADA,HEM TİCARİ HEM DE KONUT YAPIMINA UYGUN SATILIK",4,1.0,Yok,400.0,40.000.000 TL,
Satılık Bina 2 katlı Kelepir Yatırım Fırsatı,2,2.0,Doğalgaz Sobası,250.0,4.400.000 TL,
BÜYÜKÇEKMECE MURATÇEŞME KOMPLE SATILIK 30.000 TL KİRACILI BİNA,4,1.0,Doğalgaz (Kombi),137.0,4.400.000 TL,
BEYOĞLU PERA'DA 2 DÜKKAN 2 DAİRELİ 2 KATLI 140m2 SATILIK BİNA,2,1.0,Klima,140.0,8.750.000 TL,
KUMKAPI CADDE CEPHE SATILIK TİCARİ BİNA,5,2.0,Klima,300.0,57.000.000 TL,
Kartal Merkez Satılık 4 Katlı Bina,4,1.0,Doğalgaz (Kombi),125.0,9.500.000 TL,
Sahibinden Ömer Hayyam Caddesinde Boş Bina,5,1.0,Doğalgaz (Kombi),69.0,16.500.000 TL,
TAKSİM BEYOĞLU HARİKA KONUMDA HOTEL KİRACILI KOMPLE SATILIK BİNA,6,3.0,Klima,500.0,59.000.000 TL,
KUMBURGAZ E5 SIFIR 620M ARSA ICINDE 3 KATLI BİNA TİCARİ,3,1.0,Doğalgaz (Kombi),300.0,18.500.000 TL,
Koşuyolu 'nda fırsat SATILIK Müstakil bina,5,1.0,Doğalgaz (Kombi),400.0,29.000.000 TL,
Kocamustafapaşa Dolmuş Duraklarında 4 Katlı Bina,4,1.0,Soba,65.0,6.000.000 TL,
İSTANBUL TARİHİNİN KALBİ BALATTA SATILIK BİNA,3,1.0,Doğalgaz (Kombi),170.0,7.750.000 TL,
KENTSEL DÖNÜŞÜM UYGUN KAT KARŞILIĞI VEYA SATILIK APARTMAN,4,1.0,Doğalgaz (Kombi),600.0,10.000.000 TL,
Akşemsettin Mahallesi Sahibinden Satılık Bina,4,1.0,Soba,164.0,11.000.000 TL,
ABDULLAH ALTUĞDAN A.DUDULLUDA SATILIK 2 YILLIK 3 KATLI BİNA ARSA,4,1.0,Doğalgaz (Kombi),500.0,15.450.999 TL,
Tuzla Mimar Sinanda Yatırımlık Uygun Satılık Bina,3,1.0,Doğalgaz (Kombi),354.0,6.500.000 TL,
TOPOSMANOĞLU EMLAK'TAN BİNA,2,1.0,Doğalgaz (Kombi),500.0,11.250.000 TL,
HÜLYA EMLAK'TAN KASIMPAŞA'DA KOMPLE SATILIK BINA,5,1.0,Doğalgaz (Kombi),80.0,8.500.000 TL,
LİBADİYE KÖŞE PARSEL EMAAR YAKINI KOMPLE BİNA,4,1.0,Doğalgaz (Merkezi),1.15,66.000.000 TL,
TUNCAY'DAN 80.000TL HAZIR KİRACILI YATIRIMLIK FIRSAT KOMPLE BİNA,4,2.0,Doğalgaz (Kombi),320.0,12.400.000 TL,
Asmalı Mescit'te Merkezi Lokasyonda Dükkanlı 3Katlı Satılık Bina,3,2.0,Yok,650.0,49.990.000 TL,
BALAT FENER KIRMIZI RUM OKULU KARŞISINDA SATILIK 4 KATLI BİNA,4,1.0,Doğalgaz (Kombi),314.0,8.850.000 TL,
kağıthanede yatırımlık satılık 4 daire bir dukkan,5,1.0,Doğalgaz (Kombi),58.0,21.000.000 TL,
TALATPAŞA'DA OTURUM 145M2 6 DAİRE METROBÜSE 3 DK KOMPLE BİNA,3,2,Doğalgaz (Kombi),145.0,9.600.000 TL,
SEFAKÖY İNÖNÜ MAH.'DE HASTANEYE YAKIN 3 KATLI SATILIK BİNA,3,1,Doğalgaz (Kombi),120.0,7.500.000 TL,
SATILIK KÖŞE BİNA ( İŞLETMEYE AÇILMAMIŞ KURULU SIFIR OTEL),5,5 +,Doğalgaz (Kombi),550.0,117.500.000 TL,
,,,,,,
ÜSKÜDAR BULGURLUDA SATILIK BİNA,3,3,Doğalgaz (Kombi),500.0,55.000.000 TL,
Fatih Haseki Mh. Komple Satılık Bina مبنى كامل للبيع في الفاتح,4,1,Doğalgaz (Kombi),480.0,14.500.000 TL,
MİNİMALİST GARİMENKUL'DEN EYÜP NİŞANCI MAH. SATILIK BİNA,4,1,Doğalgaz (Kombi),500.0,15.500.000 TL,
MERKEZİ KONUMDA KOMPLE MÜSTAKİL BİNA...,4,1,Doğalgaz (Kombi),350.0,19.750.000 TL,
Doğadan acil fiyata uygun komple yenilenmiş 4 Katlı şahane bina,4,1,Doğalgaz (Kombi),190.0,11.250.000 TL,
HARBİYE´DE TAKSİM´E YAKIN APART OTELE UYGUN 3KATLI MÜSTAKİL BİNA,3,1,Doğalgaz (Kombi),210.0,14.000.000 TL,
PENDİKTE SATILIK MÜSTAKİL BİNA,2,2,Doğalgaz (Kombi),257.0,15.500.000 TL,
GÖKBAŞ EMLAKTAN DERVİŞ ALİ MAH.SATILIK 3KATLI BİNA,3,1,Doğalgaz (Kombi),60.0,5.000.000 TL,
MEVLANA EMLAKTAN EYÜP AKŞEMSETTİN MAH SATILIK BİNA,3,1,Doğalgaz (Kombi),144.0,7.200.000 TL,
İSLAMBEY MAHALLESİ 4 YOLA CEPHE OTOPARKLI BİNA,6,1,Doğalgaz (Kombi),125.0,18.500.000 TL,
E-5 YANYOL A 1 SOKAK PARALEL 5 KATLI SATILIK BİNA,5,1,Doğalgaz (Kombi),226.0,29.500.000 TL,
Balat bölgesinde 4 katlı satılık lüks bina,4,1,Doğalgaz (Kombi),205.0,34.863.708 TL,
ZEYTİNBURNU SATILIK BİNA,6,2,Doğalgaz (Kombi),1.05,27.000.000 TL,
MERKEZİ KONUMDA 229 Mt ARSASI 4 Katlı 800 Mt SATILIK BİNA,4,1,Yok,800.0,25.000.000 TL,
AYBARS'DAN KADİKÖY ÇARŞİDA HAREKETLİ LOKASYONDA SATILIK BİNA,3,3,Doğalgaz (Kombi),110.0,19.500.000 TL,
Evgör emlak'dan cihangirde satılık bina,3,1,Doğalgaz (Kombi),210.0,11.500.000 TL,
BAKIRKÖY ÇARŞI İÇİNDE SATILIK KOMPLE BİNA,5,1,Yok,480.0,75.000.000 TL,
SEFAKÖY İNÖNÜ MAH ANA CADDE ÜZERİ SATILIK KOMPLE BİNA,3,1,Doğalgaz (Kombi),550.0,18.000.000 TL,
KADIKÖY ALTIYOLDA MÜKEMMEL SATILIK BİNA,5,2,Klima,800.0,42.000.000 TL,
Satılık kahve olarak tasarlanmış 4 katlı bina-YATIRIM İÇİN UYGUN,4,1,Doğalgaz (Kombi),205.0,11.100.000 TL,
Kadıköy Mühürdar Cad. Kurumsal Kiracılı Satılık Bina,5,1,Doğalgaz (Kombi),1.6,125.000.000 TL,
ES EMLAKTAN BAĞLAR CADDESİNDE SATILIK BİNA!!!,6,2,Doğalgaz (Kombi),132.0,16.250.000 TL,
KAĞITHANE'DE MÜSTAKİL GİRİŞLİ 3 KATLI SATILIK BİNA,3,1,Doğalgaz (Kombi),165.0,4.999.000 TL,
KARTAL YALI MA'DE 215 mt2 ARSA İÇİNDE KOMPLE SATILIK BİNA,2,1,Doğalgaz (Kombi),215.0,8.500.000 TL,
Avcılar Gümüşpala Palmiye Sk. E5 Paralelinde Komple Satılık Bina,5,2,Doğalgaz (Kombi),250.0,27.500.000 TL,
Satılık bina,5,2,Doğalgaz (Kombi),145.0,18.000.000 TL,
BEYKOZ 'DA MÜSTAKİL TAPULU 200 M2 ARSA İÇERİSİNDE FIRSAT 2 DAİRE,2,1,Doğalgaz (Kombi),220.0,7.650.000 TL,
CİHANGİR'DE BOĞAZ MANZARALI KOMPLE SATILIK TARİHİ KÖŞE BİNA,7,2,Doğalgaz (Merkezi),1.0,150.000.000 TL,
SIRASELVİLER VE KENT ÜNİ.'NE 20 M MESAFEDE BAKIMLI SATILIK BİNA,6,1,Doğalgaz (Kombi),875.0,103.250.000 TL,
ANADOLUHİSARINDA MÜSTAKİL 3 KATLI SATILIK BİNA,3,1,Doğalgaz (Kombi),340.0,14.000.000 TL,
FENER HALİÇPORT MANZARALI KÖŞEBAŞI GETİRİSİ YÜKSEK DÜKKANLI BİNA,5,1,Doğalgaz (Kombi),600.0,110.000.000 TL,
İKRAM'dan FEVZİPAŞA CAD ÜZERİ KOMPLE SATILIK BİNA 695 M2 ARSA,6,1,Doğalgaz (Kombi),695.0,115.000.000 TL,
ÜSKÜDAR SAHİL 300m2 KREDİYE UYGUN MANZARALI 5 BÖLÜM SATILIK BİNA,6,1,Doğalgaz (Kombi),300.0,28.000.000 TL,
SATILIK 3 KATLI BINA açıklamayı okumadan aramayın lütfen,3,1,Doğalgaz (Kombi),248.0,13.000.000 TL,
AİRBNB UYGUN KOMPLE YENİLENMİŞ SATILIK 4 DAİRELİ BİNA,5,1,Doğalgaz (Kombi),300.0,12.950.000 TL,
CEVATPAŞA MAH.'DE EMSALSİZ KONUMDA 148M² KOMPLE SATILIK BİNA,4,1,Doğalgaz (Kombi),148.0,11.950.000 TL,
FDN'den İnşaatı Yeni Bitmiş Asansörlü Boğaz Manzaralı Otel Uygun,7,2,Yerden Isıtma,2.25,445.000.000 TL,
Kadıköy Kızıltoprak'da Yatırımlık Satılık Fırsat Dükkanlı Bina,4,1,Doğalgaz (Kombi),45.0,10.800.000 TL,
Ümraniye Alemdağ Caddesi'nde Satılık Komple Plaza,9 +,1,VRV,4.4,200.000.000 TL,
KALEMDEN SATILIK BİNA,3,1,Doğalgaz (Kombi),114.0,8.900.000 TL,
ALİBEYKÖY MERKEZDE 4 DAİRE 2 DÜKKAN KOMPLE SATILIK BİNA,4,1,Doğalgaz (Kombi),650.0,51.000.000 TL,
BÖLGE DE EMSALİ OLMAYAN KOMPLE SATILIK BİNA,8,1,Doğalgaz (Kombi),3.6,250.000.000 TL,
ACIL KELEPİR FİYATINA KOMPLE SATILIK BİNA,4,1,Doğalgaz (Kombi),50.0,7.900.000 TL,
FIRSAT!!! ARNAVUTKÖY 'DE SATILIK SIFIR YAPILI BİNA,5,1,Doğalgaz (Kombi),350.0,11.750.000 TL,
BEŞİKTAŞ ASARİYE CADDESİNDE KOMPLE SATILIK BİNA,6,1,Doğalgaz (Kombi),240.0,38.000.000 TL,
KÜÇÜKÇEKMECE SATILIK YENİ İSKANLI BİNA,5,1,Doğalgaz (Kombi),72.0,7.750.000 TL,
KURUMSAL KİRACILI ANA CADDEDE VATANDAŞLIĞA VE KREDIYE UYGUN,5,1,Doğalgaz (Kombi),188.0,22.500.000 TL,
Acil satılık bina,3.0,1,Doğalgaz (Kombi),130.0,4.500.000 TL,
Ümraniye'de 214 M2 Arsada 5 Adet 600 M2 Müstakil Daire,3.0,2,Doğalgaz (Kombi),600.0,12.000.000 TL,
"TARABYA FERAHEVLERDE ""KELEPİR"" SATILIK 4 KATLI BİNA",4.0,1,Doğalgaz (Kombi),120.0,13.750.000 TL,
,,,,,,
GAZİOSMANPAŞA'NIN EN İŞLEK CADDESİNDE SATILIK KOMPLE BİNA,4.0,1,Doğalgaz (Kombi),440.0,17.900.000 TL,
ŞİŞLİ OSMANBEY SATILIK BİNA,3.0,1,Doğalgaz (Kombi),180.0,7.750.000 TL,
Boğaz Manzaralı İstinye Park ve İMKB'ye Yakın 4 Daireli Bina,4.0,1,Doğalgaz (Kombi),574.0,22.000.000 TL,
*Orhan Kurt*ÜMRANİYE PARSELLERDE CADDE YANINDA ARSA VE BİNASI,2.0,1,Doğalgaz (Kombi),300.0,8.500.000 TL,
Avcılarda satılık 24 yaşında kat mülkiyetli komple Bina,4.0,2,Doğalgaz (Kombi),1.2,21.000.000 TL,
FIRSAT!! BÜYÜKÇEKMECE DENİZ VE GÖL MANZARALI KOMPLE SATILIK BİNA,5.0,1,Doğalgaz (Kombi),283.0,17.250.000 TL,
CB KANYON'dan İSTANBUL BÜYÜKÇEKMECE KAMİLOBA'da 5 KATLI BİNA,5.0,5 +,Doğalgaz (Kombi),1.6,32.100.000 TL,
ÜMRANİYE ALTINŞEHİR MAH. KAÇIRILMAYACAK FIRSAT BİNA VE DÜKKAN!,3.0,1,Doğalgaz (Kombi),500.0,16.500.000 TL,
DEKOMİM EMLAKTAN 140 M2 3+1 LİK ÖZEL LÜX YAPIM KÖŞE BİNA,6.0,1,Doğalgaz (Kombi),140.0,57.000.000 TL,
KUMKAPI'DA 4 KATLI 1+1 SATILIK BİNA,4.0,1,Doğalgaz (Kombi),228.0,29.058.950 TL,
GEDİKPAŞA DA 37 M2 ARSA ÜZERİ 5 KATLI TARİHİ BİNA,5.0,1,Doğalgaz (Kombi),269.0,7.000.000 TL,
TOPRAK İNŞAAT...PİYASA İÇİNDE 2 DÜKKAN + 7 DAİRELİ KOMPLE BİNA!!,6.0,2,Doğalgaz (Kombi),160.0,30.000.000 TL,
GÜNDOĞDU EMLAKTAN METROYA YAKIN SATILIK BİNA,4.0,1,Doğalgaz (Kombi),192.0,14.000.000 TL,
''YATIRIMLIK YENİLENMİŞ 6 KATLI SATILIK BİNA'',6.0,1,Doğalgaz (Kombi),45.0,46.496.000 TL,
ESEN EMLAK ARACILIĞIYLA *** İSKANLI KAT MÜLKİYETLİ SATILIK BİNA,2.0,1,Doğalgaz (Kombi),380.0,21.000.000 TL,
ŞİŞLİ KURTULUŞ'TA 2 KATLI AİRBNB UYGUN YENİ SATILIK BİNA,2.0,1,Doğalgaz (Kombi),264.0,4.700.000 TL,
KW FATOŞ'TAN TAKSİM İSTİKLAL CADDESİ'NİN 1. BÖLGESİ'NDE BİNA,7.0,1,Yok,840.0,42.000.000 TL,
Büyükçekmece Beykent'te 271 M2 Satılık Ticari Bina,3.0,2,Doğalgaz (Kombi),271.0,46.000.000 TL,
İnönü Caddesinde 4 Adet Daire 1 Adet 250m2 Dükkanlı Satılık Bina,6.0,1,Doğalgaz (Kombi),750.0,14.000.000 TL,
ELİTE HOUSEDAN KOMPLE SATILIK BİNA,5.0,1,Doğalgaz (Kombi),204.0,17.250.000 TL,
FATİH KIZTAŞINDA YATIRIMLIK YABANCILARA UYGUN BİNA,4.0,1,Doğalgaz (Kombi),350.0,25.000.000 TL,
"BALAT'TA HALİÇ MANZARALI, CUMBALI SATILIK TARİHİ BİNA",5.0,1,Doğalgaz (Kombi),139.0,8.750.000 TL,
ÜSKÜDAR MERKEZDE SATILIK SIFIR BİNA VE DÜKKANLAR,6.0,1,Doğalgaz (Kombi),430.0,44.000.000 TL,
Taksim Meydan'a 5 dk.Yatırım Fırsatı komple bina 4 katlı/7 daire,4.0,2,Doğalgaz (Kombi),400.0,17.975.000 TL,
MÜSTAKİL.2.KATLI YENİKÖYDE,2.0,2,Doğalgaz (Kombi),100.0,10.000.000 TL,
Şişli Merkezi Lokasyonda Satılık Bina,5.0,1,Doğalgaz (Kombi),350.0,37.950.000 TL,
B.PAŞA ORTA MH. 4 KATLI KİRA GETİRİSİ YÜKSEK SATILIK BİNA,4.0,1,Doğalgaz (Kombi),70.0,7.950.000 TL,
Sahibinden Bahçeli 4 Katlı Komple Bina ve Arsası,4.0,1,Doğalgaz (Kombi),150.0,27.700.000 TL,
ÜÇ DAİRELİ KOMPLE BİNA MERKEZDE,3.0,3,Doğalgaz (Kombi),300.0,4.750.000 TL,
TAKSİM MEYDANA ÇOK YAKIN OTEL OLMAYA UYGUN SATILIK BİNA,6.0,1,Doğalgaz (Kombi),432.0,20.500.000 TL,
YEDİTEPE BAYKAL CADDESİ ÜZERİ HARİKA KONUMDA BİNA,5.0,1,Doğalgaz (Kombi),145.0,20.000.000 TL,
"ATAŞEHİR KAYIŞDAĞI, YEDİTEPE ÜNİ. YE 1000 METRE",4.0,2,Doğalgaz (Merkezi),217.0,3.800.000 TL,
Komple Bina,5.0,1,Doğalgaz (Kombi),130.0,35.000.000 TL,
SAHİBİNDEN DAP YAPI EMLAK OFİSİ YAKININDA 5 DAİRELİ BİNA,2.0,2,Doğalgaz (Kombi),290.0,15.250.000 TL,
BEBEK DE 1 DÖNÜM ARSA İÇERİSİNDE SATILIK KÖŞK VE ARSA,4.0,1,Doğalgaz (Kombi),600.0,150.000.000 TL,
EMİRGANDA PANORAMİK BOĞAZ MANZARALI 4 KATLI BİNA,4.0,1,Doğalgaz (Kombi),648.0,117.000.000 TL,
MİMAR SİNAN MAHALLESİNDE MÜSTAKİL SATILIK 2 KATLI BİNA,2.0,1,Doğalgaz (Kombi),140.0,3.600.000 TL,
K.ÇEKMECE TEPEÜSTÜ KURUMSAL KİRACILI SATILIK 8 KATLI BİNA,8.0,1,Doğalgaz (Kombi),3.2,94.000.000 TL,
ADNAN KAHVECİ BULVARINDA METROBÜSE 5 DK 4 KATLI BİNA ARAÇ TAKASI,4.0,1,Doğalgaz (Kombi),100.0,11.750.000 TL,
ÜMRANİYE DUDULLU ESENŞEHİR'DE KOMPLE SATILIK BİNA,4.0,2,Doğalgaz (Kombi),790.0,15.000.000 TL,
CİHANGİR FİRUZAĞA SATILIK 10 DAİRELİ YENİ BİNA FOR SALE REALTY,5.0,2,Doğalgaz (Kombi),900.0,50.000.000 TL,
FATİH SULTANAHMET AKBIYIK CADDESİ'NDE SATILIK VİTRİN BİNA,3.0,1,Doğalgaz Sobası,90.0,19.800.000 TL,
Satılık Mükemmel Ötesi Bu Fiyata Yok! Fiyat Düştü! Yok Doğalgaz (Kombi),5.0,1,Doğalgaz (Kombi),145.0,32.100.000 TL,
Ataşehir İçerenköy'de Yatırımlık Satılık Bina...,2.0,1,Doğalgaz (Kombi),300.0,12.000.000 TL,
MALTEPE TÜLİN CADDESİ'NDE EMSALSİZ SATILIK KOMPLE BİNA,3.0,2,Doğalgaz (Kombi),930.0,32.000.000 TL,
BEYOĞLU ASMALI MESCİT MEŞRUTİYET CADDESİ ÜZERİNDE SATILIK BİNA,5.0,1,Doğalgaz (Kombi),600.0,89.000.000 TL,
AYAZMA CADDESİNDE MÜSTAKİL (2 KATLI ) CAM GİYDİRME SIFIR BİNA,2.0,1,Doğalgaz (Kombi),100.0,12.000.000 TL,
FATİH'TE 1506 M2 KAPALI ALANI OLAN 614 M2 BAHÇELİ BİNA,5.0,1,Doğalgaz (Kombi),1.506,80.000.000 TL,
FATİH'TE 1506 M2 KAPALI ALANI OLAN 614 M2 BAHÇELİ BİNA,5,1,Doğalgaz (Kombi),1.506,80.000.000 TL,
Kapali Çarsi bitisigi satilik bina,5,5 +,Yok,375.0,70.000.000 TL,
SATILIK 4 KATLI BİNA %90 HİSSELİ %10 BULUNMAMAKTA 45m2,4,1,Doğalgaz (Kombi),45.0,4.500.000 TL,
,,,,,,
MENEKŞE GAYRİMENKUL DEN SULUKULE DE SATILIK BİNA 6+3,2,2,Doğalgaz (Kombi),310.0,22.250.000 TL,
ACİL SATILIK BİNA RESMİ İMAR ALINDI,3,3,Doğalgaz (Kombi),150.0,6.690.000 TL,
ANA CADDE ÜZERİNDE SATILIK BİNA (AÇIKLAMAYI OKUYUNUZ),4,2,Doğalgaz (Kombi),300.0,7.650.000 TL,
Maltepe Esenkentte Satılık 437m²Arsa İçerisinde 5 Daireli Bina,3,2,Doğalgaz (Kombi),437.0,16.500.000 TL,
420M2 ARSA İÇERİSİNDE - 3 DAİRE - 1 BODRUM KAT,3,1,Doğalgaz (Kombi),420.0,10.000.000 TL,
BEŞİKTAŞ ABASAĞA DA 4 KATLI SIFIR BİNA,4,1,Doğalgaz (Kombi),150.0,7.450.000 TL,
YEDİTEPE ÜNİV. KARŞISINDA 5KATLI KOMPLE SATILIK BİNA,5,1,Doğalgaz (Kombi),192.0,19.000.000 TL,
BOMONTİ'DE 6 KATLI SATILIK BİNA OTEL İÇİN UYGUN,6,1,Doğalgaz (Kombi),1.2,70.000.000 TL,
BEYOĞLU DA SATILIK APARTLIK BINA,7,2,Doğalgaz (Kombi),490.0,38.000.000 TL,
PENDİK GÜLLÜBAĞLAR METROYA YAKIN SATILIK İSKANLI KOMPLE BİNA,7,2,Doğalgaz (Kombi),1.4,57.000.000 TL,
Beyoğlu Hasköy'de Haliçport'a Komşu Deniz Manzaları Satılık Bina,8,1,Doğalgaz (Kombi),830.0,41.500.000 TL,
Kurtuluş ta satılık komple yeni bina,6,1,Doğalgaz (Kombi),45.0,11.000.000 TL,
İSTANBUL B.DÜZÜ KAVAKLI DA 665 M2 ÜZERİNDE SATILIK KOMPLE BİNA,6,3,Doğalgaz (Kombi),665.0,74.500.000 TL,
SİLİVRİ CUMHURİYET MAHALLESİ DENİZ MANZARA SATILIK 3.5 KAT BİNA,3,1,Doğalgaz (Kombi),239.0,5.750.000 TL,
CADDE ÜSTÜ . KOMPLE BİNA .METRO'YA 5 DK. METROBÜSE 9 DK,5,2,Doğalgaz (Kombi),1.2,29.750.000 TL,
TAKSİM GÜMÜŞSUYU MERKEZDE KONUMLU 1000 M2 SATILIK BİNA,8,1,Doğalgaz (Kombi),1.0,110.000.000 TL,
MANZARASIYLA ÇENGELDERE MAHALLESİ'NDE SATILIK MÜSTAKİL BİNA,3,1,Doğalgaz (Kombi),440.0,16.000.000 TL,
BEYLİKDÜZÜNDE SATILIK KOMPLE BİNA,3,1,Doğalgaz (Kombi),560.0,25.000.000 TL,
ERMET'ten YENİBOSNA'DA KİRA GETİRİLİ KOMPLE SATILIK BİNA,5,2,Doğalgaz (Kombi),175.0,14.000.000 TL,
Yatırımlık Cihangirde 400 m2 Arsa Üzerine İnşa Edilmiş Üç Katlı,3,3,Doğalgaz (Kombi),400.0,75.000.000 TL,
YENİBOSNA MERKEZ MH / 600 m2 ARSALI / SATILIK KOMPLE BİNA,6,1,Doğalgaz (Kombi),1.5,35.000.000 TL,
FATİH GEDİKPAŞA OTELLER BÖLGESİNDE SATILIK BİNA YATIRIMLIK,8,2,Yok,750.0,37.900.000 TL,
ARNAVUTKÖY TAŞOLUKTA SATILIK SIFIR BİNA,4,3,Doğalgaz (Kombi),1.5,28.750.000 TL,
MALTEPE E-5 ÜSTÜ 1500 M2 KOMPLE SATILIK BİNA,5,2,Doğalgaz (Kombi),1.5,37.000.000 TL,
Cerrahpaşa Cadde Paraleli 5 Katlı Satılık Bina / Tadilatlı / Boş,5,1,Doğalgaz (Kombi),265.0,12.000.000 TL,
ZEYNEPKAMİLDE SATILIK BİNA,5,1,Doğalgaz (Kombi),370.0,21.500.000 TL,
ARTI'dan TEK YETKİLİ 5 Ayrı Daireli 15 Yıllık Satılık Bina..,5,1,Doğalgaz (Kombi),242.0,30.000.000 TL,
Doğadan çarşıda muhteşem konumda mağazalı 4 katlı bina,4,1,Klima,225.0,69.000.000 TL,
SARIHAN EMLAK'TAN SATILIK E 5 CEPHE 800M² KAPALI ALAN,2,1,Doğalgaz (Kombi),1.481,55.000.000 TL,
BAĞCILAR KİRAZLI MAH SATILIK BİNA,3,1,Doğalgaz (Kombi),109.0,6.300.000 TL,
KADIKÖY ALTI YOLDA KİRA GETİRİSİ YÜKSEK MÜKEMMEL,5,2,Klima,740.0,39.000.000 TL,
8 HİSSELİ BİNANIN 6 HİSSESİ SATILIK,1,1,Doğalgaz (Kombi),87.0,10.000.000 TL,
FATİH KÜÇÜKMUSTAFAPAŞA'DA FIRIN RUHSATLI 3 KATLI BİNA,3,1,Soba,165.0,20.000.000 TL,
Sancaktepe Veysel Karani Mah EŞSİZ FIRSAT ! Satılık AİLE BİNASI,4,2,Doğalgaz (Kombi),256.0,12.000.000 TL,
İSTANBUL ÜNİVERSİTESİ YAKIN EŞYALI RUHSATLI ERKEK ÖĞRENCİ YURDU,5,1,Doğalgaz (Merkezi),1.25,40.000.000 TL,
KWSEVCİHAN BEREKET'TEN BEYKOZ'DA DEĞERLİ BÖLGEDE KOMPLE BİNA!,3,1,Doğalgaz (Kombi),420.0,18.000.000 TL,
SULTANGAZİ 50 YIL MAH KOMPLE BİNA,5,1,Doğalgaz (Kombi),103.0,7.000.000 TL,
GÜNGÖREN SANAYİ MAHALLESİDE SATILIK BİNA,3,1,Klima,355.0,65.950.000 TL,
Beyoğlu'nda Satılık 4 Katlı Bina,4,1,Yok,110.0,4.000.000 TL,
AKSARAY METRO KARŞISINDA 6 KATLI 2 BİNA 2 DÜKKANLI 9 DAİRELİ,6,2,Doğalgaz (Kombi),1.8,135.000.000 TL,
AKŞENDEN FATİH ÇAPA ODABAŞINDA YANYANA İKİ BİNA BİRDEN KELEPİR,3,1,Doğalgaz (Kombi),216.0,15.500.000 TL,
KOŞUYOLU OFİS/İŞ MERKEZİ/TİCARET VE OKUL OLMAYA MÜSAİT,2,1,Doğalgaz (Kombi),1.606,160.000.000 TL,
TAKSİM BEYOĞLU 5 KATLI SATILIK BİNA,5,1,Soba,50.0,8.000.000 TL,
8-room building with hotel license in the center of Karaköy.,9 +,1,Klima,540.0,49.000.000 TL,
BALAT FENERDE 5 KATLI KÖŞE KONUMDA TARİHİ BİNA,5,1,Doğalgaz (Kombi),360.0,12.750.000 TL,
LALELİ Nişanca yokuşunda Satılık BİNA,4,1,Yok,154.0,18.000.000 TL,
ARABA TAKASLI BİNA,4,1,Doğalgaz (Merkezi),65.0,6.750.000 TL,
MAHMUTBEY'DE SATILIK TİCARİ İMARLI 3 DAİRE 1 DÜKKAN BİNA,3.0,1.0,Doğalgaz (Kombi),192.0,13.750.000 TL,
Fatih mahallesi Merkezin de Satılık 3+1 3 adet Daire,3.0,1.0,Doğalgaz (Merkezi),191.0,6.600.000 TL,
Satılık komple bina,7.0,1.0,Yerden Isıtma,73.0,70.000.000 TL,
,,,,,,
SANCAKTEPE MERKEZDE HARİKA KONUMU OLAN SATILIK BİNA,2.0,2.0,Doğalgaz (Kombi),250.0,12.000.000 TL,
SULTANAHMET KÜÇÜKAYASOFYA YANI ACİL SATILIK KOMPLE BİNA,3.0,1.0,Doğalgaz (Kombi),45.0,21.350.000 TL,
EVwest'den BAKIRKÖY SAHİLDE SATILIK KOMPLE BİNA,4.0,1.0,Doğalgaz (Kombi),690.0,42.000.000 TL,
EMSALSİZ SATLIK BİNA 4DAİRE 1DÜKAN SADECE 5.950.000 154M2,5.0,1.0,Doğalgaz (Kombi),154.0,5.950.000 TL,
Satılık beş katlı bina 105 temel 123 üstler,5.0,1.0,Doğalgaz (Kombi),159.0,9.298.500 TL,
SARIYER MERKEZDE 560 M2 KOMPLE SATILIK BINA,2.0,1.0,Doğalgaz (Kombi),560.0,52.350.000 TL,
MG GAYRİMENKULDEN FATİH'TE KOMPLE SATILIK BİNA,6.0,1.0,Doğalgaz (Kombi),135.0,17.500.000 TL,
MERT GAYRİMENKUL ATAŞEHİR YENİ SAHRADA SATILIK KOMPLE BİNA,3.0,1.0,Doğalgaz (Kombi),150.0,16.500.000 TL,
KINALIADA SATILIK BİNA,2.0,1.0,Yok,320.0,11.700.000 TL,
TREND EXPRESSDEN nezih sokakta sahile yakın kısmi manzaralı bina,4.0,2.0,Doğalgaz (Kombi),1.0,35.000.000 TL,
NETA'DAN BURGAZADA'DA SATILIK 3 KATLI MÜSTAKİL BİNA,3.0,1.0,Doğalgaz (Kombi),315.0,30.000.000 TL,
SAHİBİNDEN SATILIK 5 DAİRELİ MÜSTAKİL BİNA,4.0,1.0,Doğalgaz (Kombi),700.0,37.000.000 TL,
KOMPLE SATILIK BİNA(YABANCIYA VATANDAŞLIGA UYGUN MÜLK),5.0,1.0,Doğalgaz (Kombi),118.0,14.500.000 TL,
PAK EMLAKDAN SATILIK KOMPLE BİNA 8. DAİRE 3. ADET DÜKKAN,4.0,2.0,Doğalgaz (Kombi),195.0,14.950.000 TL,
ARSASININ FİYATINA SIFIR BİNA,4.0,2.0,Doğalgaz (Kombi),580.0,32.000.000 TL,
"MİMARSİNAN DA YATIRIMLIK BİNA YENİ FIRSAT,DENİZ MANZARALI",3.0,1.0,Soba,45.0,2.100.000 TL,
ARNAVUTKÖYDE KAÇIRILMACAK FIRSAT SATILIK KOMPLE BİNA,5.0,1.0,Doğalgaz (Kombi),146.0,12.300.000 TL,
İSTANBUL TOPKAPI 10 DAİRELİ SATILIK BİNA,5.0,2.0,Doğalgaz (Kombi),500.0,20.000.000 TL,
GG MURAT'TAN Vişnezade'de Satılık 3 Katlı Ahşap Bina,3.0,1.0,Soba,350.0,30.000.000 TL,
SULTANBEYLİ 1145 M2 BODRUMLU CADDEYE CEPHE SATILIK BİNA & PLAZA,4.0,1.0,Doğalgaz (Kombi),1.145,75.000.000 TL,
SAHİBİNDEN SATILIK FATİH VEFA'DA BİNA+DÜKKAN+ARSA,2.0,2.0,Doğalgaz (Kombi),300.0,90.000.000 TL,
KOMPLE SATILIK BİNA ZEMİN KAT İŞYERİ DEPOLU DÜKKAN ÜSTLER DAİRE,5.0,1.0,Doğalgaz (Kombi),130.0,13.000.000 TL,
FLORİUM DAN FLORYA MERKEZDE TİCARİ İMARLI KIYMETLİ KOMPLE BİNA,3.0,2.0,Doğalgaz (Kombi),163.0,27.000.000 TL,
ENES EMLAKTAN MODA CADDESİNE 2.PARSELDE SATILIK KOMPLE BİNA,5.0,1.0,Doğalgaz (Kombi),300.0,25.000.000 TL,
"GELİŞEN BÖLGENİN, PRESTİJLİ MAHALLESİNDE ÜÇ AİLELİK BİNA",5.0,1.0,Doğalgaz (Kombi),390.0,11.750.000 TL,
MÜSTAKIL 2 KATLI VE CATI PIYESLI BAHCELI TAM BIR AILE YERI,2.0,1.0,Doğalgaz (Kombi),110.0,3.950.000 TL,
Kartal Yunus Mahallesinde Yüksek Kira Getirili Satılık Bina,3.0,1.0,Doğalgaz (Kombi),228.0,14.000.000 TL,
SATILIK ANA CADDE ÜZERİ BİNA ARENA PARK YANI,3.0,1.0,Doğalgaz (Kombi),135.0,17.500.000 TL,
ACİL SATILIK CADDE CEPHE TİCARİ BİNA,2.0,1.0,Doğalgaz (Kombi),240.0,12.000.000 TL,
BÜYÜK ÇAMLICA'da YATIRIMLIK KOMPLE SATILIK BİNA,5.0,1.0,Doğalgaz (Merkezi),2.51,47.000.000 TL,
HAN EMLAK'TAN SIFIR YATIRIMLIK BİNA 3+1 DAİRELER VE DÜKKAN!,5.0,1.0,Doğalgaz (Kombi),665.0,24.500.000 TL,
BÜYÜKÇEKMECEDE E5 ANAYOL ÜZERİ SATILIK BİNA,5.0,1.0,Doğalgaz (Kombi),2.4,95.000.000 TL,
FLORYA DA 2000 YAPIMI 10 DAİRELİ KOMPLE SATILIK LÜKS BİNA,4.0,2.0,Doğalgaz (Kombi),3.0,350.000.000 TL,
ŞİŞLİ CUMHURİYET MAHALLESİNDE TİCARİ VE KONUT İMARLI BİNA,5.0,1.0,Yok,600.0,70.000.000 TL,
KARTAL ORTA MAHALLEDE YATIRIMLIK İSKANLI BİNA,8.0,1.0,Doğalgaz (Kombi),1.55,50.000.000 TL,
BÖLGE EMLAK'TAN İMARLI ARSALI #DAİRE FİYATINA# CADDE ÜZERİ BİNA,5.0,1.0,Doğalgaz (Kombi),167.0,7.900.000 TL,
"FIRSAT YATIRIM /فرصة الاستثمار / ВОЗМОЖНОСТЬ ИНВЕСТИЦИЙ,",2.0,1.0,Doğalgaz (Kombi),300.0,16.000.000 TL,
Celaliye'de 4 Katlı Bina,4.0,1.0,Doğalgaz (Kombi),130.0,11.000.000 TL,
ARSA DAHİL SATILIK MÜSTAKİL BİNA,2.0,1.0,Doğalgaz (Kombi),580.0,6.000.000 TL,
ALTIN EMLAK'TAN KAĞITHANE Y.KEMAL MAHALLESİNDE SATILIK BİNA.,3.0,1.0,Doğalgaz (Kombi),60.0,3.500.000 TL,
ÖYKÜ YAPI'DAN SATILIK KOMPLE BİNA VATANDAŞLIĞA UYGUN İSKANLI,3.0,1.0,Doğalgaz (Kombi),338.0,17.500.000 TL,
CİHANGİR FİRUZAĞA'DA 6 KATLI YENİLENMİŞ SATILIK BİNA,6.0,1.0,Doğalgaz (Kombi),400.0,36.000.000 TL,
KAMELYA EMLAK'TAN Merter'de 5 Katlı Komple Satılık Bina,5.0,1.0,Yok,1.8,116.000.000 TL,
Beyoğlu İstiklal Cadde Paraleli Satılık 5 Daire Otel Binası /LUX,5.0,1.0,Doğalgaz (Kombi),285.0,49.750.000 TL,
YEDİTEPE ÜNİV. KOMŞU KOMPLE BİNA TİCARİ KULLANILANILABİLİR 5KAT,5.0,1.0,Doğalgaz (Kombi),192.0,19.000.000 TL,
PRO'DAN BOĞAZDA SATILIK 5 KATLI BİNA SAHİLE 1 DK,5.0,1.0,Doğalgaz (Kombi),650.0,55.000.000 TL,
DÜNYA GAYRİMENKUL'DEN MEVLANAKAPI MAH. 5 KATLI SATILIK BİNA,5.0,1.0,Doğalgaz (Kombi),70.0,15.000.000 TL,
ORTAKÖY' DE 3 KATLI BAHÇELİ ACİL SATILIK BİNA,3,1,Doğalgaz (Kombi),50.0,7.150.000 TL,
İnönü Mahallesi'nde Süper bina,4,1,Doğalgaz (Kombi),117.0,6.000.000 TL,
Yakamoz'dan Mendereste Merkezi Konumda 3 Kat Eksik Satılık Bina,2,1,Doğalgaz (Kombi),50.0,3.620.000 TL,
,,,,,,
ATAŞEHİR in MERKEZİNDE PRESTİJLİ 600 M2 SATILIK BİNA / PLAZA,5,1,Klima,600.0,39.000.000 TL,
ÇENGELKÖY SAHİLE ÇOK YAKIN MESAFEDE TERASI OLAN ÜÇ KATLI BİNA,3,1,Doğalgaz (Kombi),200.0,7.900.000 TL,
BAKMADAN GEÇME,4,1,Doğalgaz (Kombi),120.0,7.500.000 TL,
BEYZA İNŞAAT GAYRİMENKUL DEN SATILIK 2 KATLI BİNA DAVUT PÂŞA MAH,2,1,Doğalgaz Sobası,80.0,4.200.000 TL,
BERRAKDENİZ FORSALE BUILDING 9STORIES HALİÇ VIEW CITIZENSHIPDEED,9 +,3,Doğalgaz (Kombi),105.0,67.500.000 TL,
KOMPLE SATILIK BİNA,3,5 +,Doğalgaz (Kombi),2.5,435.000.000 TL,
GÜRPINAR'DA DENİZ MANZARALI KOMPLE SATILIK BİNA,7,5 +,Doğalgaz (Kombi),3.6,80.000.000 TL,
KOŞUYOLU'NDA KOMPLE SATILIK MÜSTAKİL BİNA VATANDAŞLIK İÇİN UYGUN,6,3,Doğalgaz (Merkezi),680.0,33.000.000 TL,
KENTSEL DÖNÜŞÜMEDE OLAN BÖLGEDE 4 KAT BİNA,4,1,Doğalgaz (Kombi),110.0,4.850.000 TL,
SATILIK BİNA,9 +,2,Doğalgaz (Kombi),2.544,108.000.000 TL,
AKILLI YÜKSEK SEVİYEDE VE ÜSTÜN SİSTEMLE ÜRETİLMİŞ ÇOK ÖZEL MÜLK,7,5 +,Doğalgaz (Kombi),8.0,1.500.000.000 TL,
İSTANBUL BEBEK SAHİL 1İNCİ PARSELDE SATILIK BİNA BOĞAZİÇİ RUHSAT,4,1,Doğalgaz (Merkezi),340.0,33.000.000 TL,
"BEYKOZ,İNCİRKÖYDE 3 KATLI 6 DAİRELİ KOMPLE BİNA SATILIKTIR",3,2,Doğalgaz (Kombi),177.0,13.000.000 TL,
SAHİBİNDEN 230 M2 ÇİFT DAİRELİ,5,2,Doğalgaz Sobası,230.0,18.250.000 TL,
B.PAŞA İSMETPAŞA KOMPLE BİNA 177m2 ARSA 3ADET 4+1 DAİRE 2DÜKKAN,5,1,Doğalgaz (Kombi),177.0,34.500.000 TL,
Satılık Bina Lüks 5 Daire 1 Dükkan E5 Metrobüs Fetih yakini 2011,6,1,Doğalgaz (Kombi),108.0,28.500.000 TL,
Helin'den The Marmara arkasında yenilenmiş 5 daireli bina,5,1,Doğalgaz (Kombi),200.0,19.000.000 TL,
SULTANBEYLİ'DE 317m² ARSA İÇİNDE 5 KİRACISI OLAN SATILIK BİNA,5,1,Doğalgaz (Kombi),317.0,8.850.000 TL,
SATILIK 3+1 acil,4,2,Doğalgaz (Kombi),120.0,3.850.000 TL,
PENDİK'TE SATILIK BİNA,6,2,Doğalgaz (Kombi),558.0,160.000.000 TL,
ACİL SATILIK 5 KATLI BİNA,5,1,Doğalgaz (Kombi),157.0,6.500.000 TL,
DİSENA YALI PARSELİ TİCARİ MODERN KOMPLE BİNA 7+2 1100 M2,5,1,Yerden Isıtma,1.1,375.000.000 TL,
Aile binası temiz ve bakımlı,5,1,Doğalgaz (Kombi),404.0,19.900.000 TL,
103 BİN KİRA GETİRİLİ BİNA,5,3,Doğalgaz (Kombi),180.0,10.900.000 TL,
CİHANGİRDE BAHÇELİ SATILIK 4 KATLI SATILIK BİNA,4,2,VRV,430.0,41.500.000 TL,
Yeşilova Mahallesi Komple Satılık Ultra Lüks Bina 600 m2,3,1,Doğalgaz (Kombi),600.0,25.600.000 TL,
MADENOĞLU'NDAN* ATATÜRK CADDESİNE YAKIN KOMPLE SATILIK BİNA,3,1,Doğalgaz (Kombi),80.0,4.350.000 TL,
Bostancı Satılık Beş katlı Bina,5,1,Doğalgaz (Merkezi),288.0,15.000.000 TL,
SÖĞÜTLÜÇEŞME CAD SİFTAH SOKAKTA BULUNMAZ KOMPLE BİNA,7,1,Doğalgaz (Kombi),910.0,55.000.000 TL,
Alibeyköy Karadolap'ta Çok Uygun Fiyatlı Köşe Başı Satılık Bina.,2,2,Doğalgaz (Kombi),114.0,4.500.000 TL,
CADDE ÜZERİNDE 333m2 İMARLI ARSA ÜZERİNDE 4 KATLI BİNA,4,1,Doğalgaz (Kombi),600.0,16.000.000 TL,
KADIKÖYDE BAHÇELİ TARİHİ BİNA,4,1,Doğalgaz (Kombi),220.0,7.750.000 TL,
AYAR GAYRİMENKULDEN ACİL MUSTAKİ VİLA SATILIK,4,4,Doğalgaz (Kombi),350.0,25.000.000 TL,
Pendik Esenyalı'da komple satılık Bina,5,2,Doğalgaz (Kombi),220.0,49.000.000 TL,
Gaziosmanpaşa Merkez Cadde Üzeri 4000 m2 Satılık 2 Adet Bina,6,1,Doğalgaz (Kombi),3.945,85.000.000 TL,
Balat`ta 4 DAİRELİ TERASLI VE BAHÇELİ BİNA - Airbnb`ye uygun,5,1,Doğalgaz (Kombi),260.0,9.000.000 TL,
SATILIK 4 KATLI APARTMAN!,4,1,Doğalgaz (Kombi),136.0,45.000.000 TL,
Bağcılar Yıldıztepe Mah Satılık 4 Katlı Arsa Tapulu Bina,4,1,Doğalgaz (Kombi),183.0,11.000.000 TL,
REDSTONE MİMARHAYRETTİN'DE LÜX OTELLER BÖLGESİNDE KELEPİR 6 KAT,6,5 +,Yok,720.0,190.000.000 TL,
"BALAT'DA RESTORASYONU, GÜÇLENDİRİLMESİ YAPILMIŞ SATILIK BİNA",4,1,Doğalgaz (Kombi),175.0,12.850.000 TL,
SİLİVRİDE E-5 YANYOLA 27 METRE CEPHE 744 M2 SATILIK TİCARİ+KONUT,2,1,Doğalgaz (Kombi),700.0,15.000.000 TL,
CenkCaddede Cağaloğlu Nuruosmaniye 7 Katlı Satılık Bina 350m²,7,1,Doğalgaz (Merkezi),350.0,45.000.000 TL,
CenkCaddede Eminönü Yeşildirek 7 Katlı Satılık Bina 700m²,7,1,Doğalgaz (Merkezi),700.0,35.000.000 TL,
ÖZKARDEŞLER GRUP EMLAKTAN ARSA TAPULU BİNA,7,2,Doğalgaz (Kombi),1.05,32.500.000 TL,
CİHANGİR CAMİİ MEVKİİNDE 1.840 M2 SATILIK KOMPLE BİNA,6,2,Doğalgaz (Kombi),1.84,280.000.000 TL,
FATİH DRAMAN BALAT'TA GELECEĞE YATIRIM 8 DAİRELİ SATILIK BİNA,5,1,Doğalgaz (Kombi),360.0,18.000.000 TL,
GÖNÜL GAYRİMENKUL MERKEZİ KONUM DA YATIRIMLIK SATILIK BİNA,3,1,Doğalgaz (Kombi),143.0,10.990.000 TL,
SİRKECİ / Turizm Merkezinde 5 Katlı Satılık Bina / Dükkanlı,5,1,Doğalgaz (Kombi),280.0,68.000.000 TL,
İSTANBUL BEYOĞLU BÜLBÜL MAHALLESİNDE SATILIK ÜÇÜZ BİNA,5,1,Doğalgaz (Merkezi),465.0,30.000.000 TL,
ARSLANOĞLUNDAN YELDEĞİRMENİNDE FULL YAPILI TARİHİ BİNA,4,1,Doğalgaz (Kombi),200.0,21.000.000 TL,
,,,,,,
BEYLERBEYİ PANORAMİK BOĞAZ MANZARALI SATILIK 11 DAİRELİ BİNA,5,2,Doğalgaz (Kombi),1.2,285.000.000 TL,
ortabayır mahallesinde satılık bina,5,1,Doğalgaz (Kombi),97.0,35.000.000 TL,
400.000 TL KURUMSAL KİRACILI KOMPLE SATILIK YENİ FIRSAT MÜLK,6,1,Doğalgaz (Merkezi),1.3,75.000.000 TL,
GALATA BÖLGESİNDE 2.DERECE TARİHİ ESER OTEL KONSEPTLİ KUPON BİNA,5,4,Doğalgaz (Kombi),285.0,19.490.000 TL,
ŞİMŞEK EMLAK'TAN KUMAŞÇILAR BÖLGESİN'DE SATILIK 5 KATLI BİNA,5,1,Doğalgaz (Kombi),400.0,29.000.000 TL,
"KOMPLE SATILIK BİNA 5 OFİS, DUBLEKS OFİS, DÜKKAN VE 2+1 DAİRE",4,2,Doğalgaz (Kombi),300.0,17.850.000 TL,
TEK YETKİLİ ORTAKÖY MECİDİYEDE 6 DAİRELİ KOMPLE SATILIK BİNA,6,1,Doğalgaz (Kombi),70.0,14.000.000 TL,
ATEŞ EMLAKTAN SATILIK 5 KATLI MÜSTAKİL BİNA,4,1,Doğalgaz (Kombi),225.0,11.000.000 TL,
SANCAKTEPE SAMANDIRA'DA 225 M2 ARSASI OLAN KOMPLE BİNA!!!,2,1,Yok,224.0,4.300.000 TL,
ÜSKÜDAR ÇAMLICA KISIKLI SATILIK BİNA 4KATLI DAİRELER 600M2,4,1,Doğalgaz (Kombi),600.0,12.500.000 TL,
İSTİKLAL CADDESİ SATILIK BİNA,6,1,Doğalgaz (Kombi),840.0,150.000.000 TL,
HALASKARGAZİ CADDESİ ÜZERİNDE YATIRIM DEĞERİ YÜKSEK BİNA KATLAR,7,1,Doğalgaz (Kombi),1.963,98.000.000 TL,
CİBALİ SATILIK PANORAMİK MANZARALI BİNA,5,2,Soba,605.0,18.000.000 TL,
ŞİŞLİ PANGALTI SATILIK KOMPLE BİNA,9 +,2,Doğalgaz (Kombi),1.128,70.000.000 TL,
"ARNAVUTKÖY de DENİZ MANZARALI, KOMPLE SATILIK 5 KATLI BİNA...",5,1,Doğalgaz (Kombi),570.0,74.500.000 TL,
BÜYÜKŞEHİR BELEDİYE BİNASI KARŞISINDA 1100 M2 SATILIK BİNA,7,1,Doğalgaz (Kombi),1.1,40.000.000 TL,
Beşiktaş Çarşıda komple satılık Bina,3,1,Yok,188.0,45.000.000 TL,
SARIYER MADEN BOĞAZ MANZARALI 264M2HİSSELİ,2,1,Doğalgaz (Kombi),264.0,20.000.000 TL,
BAĞCILAR SATILIK BİNA,5,1,Doğalgaz (Kombi),120.0,9.500.000 TL,
Satılık iskanlı mustakil bina,4,1,Doğalgaz (Kombi),300.0,9.000.000 TL,
BEYAZ'DAN YETKİLİ ALTINTEPE'DE 6 DAİRELİ BİNA'DA FIRSAT YATIRIM,6,1,Doğalgaz (Kombi),235.0,19.500.000 TL,
Sahibinden Beyoğlu'nda Yatırımlık Harika Bina.,6,1,Doğalgaz (Kombi),575.0,33.000.000 TL,
"KalyoncuKulluğu C.Tarlabaşı Bulvarına 3.Bina,Asans örlü,Bahçeli",6,1,Doğalgaz (Kombi),600.0,31.000.000 TL,
HAN EMLAK'TAN ÜMRANİYE LİSE METROYA 3DK 5 DAİRELİK SATILIK BİNA,5,1,Doğalgaz (Kombi),325.0,10.750.000 TL,
Avcılar Cihangir Mah. 14.Daireli 7. Yıllık Satılık Komple Bina,4,4,Doğalgaz (Kombi),1.4,39.000.000 TL,
SAMATYA BALIK PAZARI KARŞISI İKİNCİ DERECE TARİHİ ESER İKİ BİNA,3,1,Yok,85.0,8.000.000 TL,
PUSULA İNŞ.TAN CEBECİ MAH PROJESİ HAZIR SATILIK 130 ARSA,5,1,Doğalgaz (Kombi),130.0,7.500.000 TL,
SATILIK ULTRA LÜKS 7 KATLI TİCARİ BİNA,5,2,Doğalgaz (Kombi),350.0,44.800.000 TL,
AKSARAYDA FIRSAT 4 KATLI SIFIR BİNA,4,1,Doğalgaz (Kombi),90.0,15.000.000 TL,
YATIRIMLIK ARSA PAYI GENİŞ SATILIK BİNA,5,1,Doğalgaz (Kombi),140.0,16.000.000 TL,
BERRAK DENİZ FINDIKZADE 6 KATLI SIFIR EŞYALI KOMPLE BİNA,6,1,Klima,45.0,24.800.000 TL,
Dolapdere Benesta Recidence Karşısında Satılık Köşe Bina,3,1,Yok,165.0,3.750.000 TL,
MEHMET AKİF MAH.188 M2 ARSA ÜZERİNE KURULU SATILIK 3 KATLI BİNA,3,1,Doğalgaz (Kombi),120.0,6.250.000 TL,
FINDIKZADEDE SATILIK SIFIR BİNA,6,2,Doğalgaz (Kombi),102.0,31.000.000 TL,
BAĞCILARDA MÜKEMMEL KONUMDA SATILIK İKİ BİNA,5,5 +,Doğalgaz (Kombi),4.0,146.000.000 TL,
Var Sahibinden Satılık 9 + Geniş Doğalgaz (Kombi) Merkezi Konum,9 +,2,Doğalgaz (Kombi),1.128,17.850.000 TL,
Beykoz Elmalı'da 4 Katlı Müstakil Bahçeli İmarlı Satılık Bina,4,1,Doğalgaz (Kombi),600.0,23.000.000 TL,
Bollucada 3yola cephe 1.sınıf 3dükkan 6daire komple bina,5,2,Doğalgaz (Kombi),970.0,35.000.000 TL,
ŞİFA'DA ARSASIYLA KOMPLE SATILIK 2 KATLI BİNA,2,1,Doğalgaz (Kombi),220.0,4.360.000 TL,
ZEYTİNBURNU MERV CADDESİ ÜZERİ KOMPLE BİNA KENTSELE UYGUN,6,1,Yok,660.0,15.250.000 TL,
YENİ MESKEN GAYRİMENKUL'DEN SATILIK BİNA,3,1,Doğalgaz (Kombi),95.0,6.500.000 TL,
KARAKÖY'DE TERSANE CADDESİ ÜZERİNDE 335 M2 KOMPLE SATILIK BİNA,5,1,Klima,335.0,35.000.000 TL,
AVCILAR CİHANGİRDE SATILIK BİNAMIZ 6 DAİRELİK METROBÜSE YAKIN,3,3,Doğalgaz (Kombi),118.0,8.300.000 TL,
ARNAVUTKÖY'DE DENİZ MANZRALI SATILIK BİNA,4,1,Yerden Isıtma,170.0,27.000.000 TL,
TAKSİM TARLABAŞI BULVARI ÜZERİNDE SAHİBİNDEN SATILIK BİNA,8,1,Yok,750.0,75.000.000 TL,
"HISTORICAL BUILDING FOR SALE IN BALAT, ISTANBUL",6,1,Doğalgaz (Kombi),356.0,23.900.000 TL,
RAMİ CUMA DA EYÜP İSLAMBEY CADDESİNE YAKIN SATILIK BİNA,2,1,Doğalgaz (Kombi),125.0,6.750.000 TL,
Beyoğlu İngiliz Konsolosluğunun Karşısında Satılık Köşe Bina,7,1,Doğalgaz (Merkezi),1.42,160.000.000 TL,
Beyoğlu İngiliz Konsolosluğunun Karşısında Satılık Köşe Bina,7.0,1,Doğalgaz (Merkezi),1.42,160.000.000 TL,
ATAŞEHİR FERHATPAŞA' da KOMPLE SATILIK BİNA,3.0,2,Doğalgaz (Kombi),206.0,10.200.000 TL,
YENİBOSNADA MÜKEMMEL LOKASYON DA SATILIK BİNA,5.0,1,Doğalgaz (Kombi),120.0,11.500.000 TL,
,,,,,,
MERKEZİ KONUM NİŞANCA MAH. 200m2 ARSADA 4 KATLI BİNA,4.0,1,Doğalgaz (Kombi),200.0,11.400.000 TL,
7 ADET 1+1 DAİRE 4 DANE DENİZ MANZARALI GÜZEL BİNA 90m2,7.0,1,Doğalgaz Sobası,70.0,26.000.000 TL,
Avcılar 'da Satılık Üniversite Öğrenci Yurdu,6.0,1,Doğalgaz (Merkezi),1.2,45.000.000 TL,
"KARTAL YAKACIK ÇARŞI MERKEZ'DE 4 KATLI ,4 DAİRELİ SATILIK BİNA,",4.0,1,Doğalgaz (Kombi),120.0,6.000.000 TL,
6843 Rengarenk'ten Keçicipiri'de Satılık Projeli Fırsat Bina,4.0,1,Doğalgaz (Kombi),75.0,4.500.000 TL,
AVCILAR GÜMÜŞPALADA SATILIK BİNADA 4 DAİRE 1 DÜKKAN,4.0,2,Doğalgaz (Kombi),85.0,11.550.000 TL,
"ACİL İHTİYAÇ ""TAŞOLUK'TA BODRUM KATLI,ÜÇ TANE 3+1 AİLELİK BİNA""",3.0,1,Doğalgaz (Kombi),420.0,6.950.000 TL,
EKREM BAKIR GAYRİMENKUL'DEN MİLLET CADDESİ YAKINI SIFIR BİNA,6.0,1,Doğalgaz (Kombi),90.0,46.500.000 TL,
Eyüp Düğmeciler Mahallesi Satılık Bina,4.0,1,Doğalgaz (Kombi),128.0,13.500.000 TL,
Tek Yetkili Emlak Markt'dan Yurt ve Öğrenci Binasına Uygun,4.0,1,Doğalgaz (Kombi),700.0,14.750.000 TL,
"Güzelce Sahilde, Denizin Önünde, 5 Katlı Satılık Komple Bina",5.0,1,Doğalgaz (Kombi),450.0,15.500.000 TL,
STORYVADİ GAYRİMENKUL DEN BEYKOZ DA SATILIK KOMPLE BİNA BAHÇELİ,4.0,2,Doğalgaz (Kombi),684.0,28.500.000 TL,
SAHİBİNDEN SIFIR BİNA,3.0,1,Doğalgaz (Merkezi),325.0,25.000.000 TL,
Satılık işhanı,4.0,1,Soba,450.0,65.000.000 TL,
İPEKYOL'DAN ACİL SATILIK BÖLGE FİYATININ ALTINDA KUPON BİNA,6.0,2,Doğalgaz (Kombi),1.7,39.900.000 TL,
HAN EMLAK'TAN ADEMYAVUZ MAH. SATILIK YATIRIMLIK BİNA 3 DAİRE!,3.0,1,Doğalgaz (Kombi),120.0,6.000.000 TL,
Ataşehir Ferhatpaşa'da Komple Satılık Bina 4 Daire 1 Dükkan,5.0,1,Doğalgaz (Kombi),750.0,19.000.000 TL,
FATİH BALAT 'TA SATILIK 2 DAİRE & 1 TİCARİ ALANLI TADİLATLI BİNA,3.0,1,Doğalgaz (Kombi),300.0,32.500.000 TL,
KADIKÖY MERKEZDE SAHİBİNDEN SATILIK KOMPLE BOŞ BİNA,8.0,1,Doğalgaz (Kombi),560.0,19.500.000 TL,
MODA KIZ LİSESİ YANINDA DENİZ MANZARALI APARTMAN,7.0,1,Doğalgaz (Kombi),55.0,50.000.000 TL,
SATILIK BİNA+2 DÜKKAN YÜKSEK GETİRİLİ OTOBAN KENARI,5.0,2,Doğalgaz (Kombi),1.5,85.000.000 TL,
Doğa Manzaralı Yok Sahibinden Bina Doğalgaz (Kombi) Kaçırılmayacak Fırsat! Açık Otopark,3.0,1,Doğalgaz (Kombi),600.0,10.500.000 TL,
KAĞITHANE ÇELİKTEPE İNÖNÜ CAD MERKEZ DE SATILIK KOMPLE BİNA,4.0,1,Doğalgaz (Kombi),68.0,12.000.000 TL,
BALAT'IN EN GÜZEL LOKASYONUNDA YENİLENMİŞ SATILIK BİNA,5.0,1,Doğalgaz (Kombi),378.0,8.900.000 TL,
Pera'da Otel veya Butik İşletmeye Uygun Satılık Tarihi Bina,4.0,2,Doğalgaz (Kombi),500.0,120.000.000 TL,
REMAX ŞİRVAN'DAN EYÜPSULTAN EMNİYETTEPE'DE 4 KATLI SATILIK BİNA,4.0,1,Soba,335.0,5.500.000 TL,
FİKRET GÜL EMLAK TAN İNŞAATTAN MÜSTAKİL 3 KATLI BİNA,3.0,1,Doğalgaz (Kombi),580.0,85.000.000 TL,
AYDIN İNŞAATTAN ÇAMÇEŞME MAH.195M2 SATILIK BİNA 4 ADET DAİRE,4.0,1,Doğalgaz (Kombi),195.0,9.000.000 TL,
DENGEİUM'DAN FATİH HIRKA-İ ŞERİF MAH. SATILIK KÖŞE KOMPLE BİNA,3.0,1,Doğalgaz (Kombi),78.0,9.500.000 TL,
ÜMRANİYE DUDULU YENİŞEHİRDE SATILIK DÖRT KATLI BINA,4.0,3,Doğalgaz (Kombi),140.0,10.500.000 TL,
Sancaktepe yenidoğan da köşe başı satılık 3 katlı bina,3.0,1,Doğalgaz (Kombi),195.0,4.200.000 TL,
█ BARAKA EMLAK █ 5 DAİRE 1 DÜKKAN KOMPLE SATILIK BİNA,5.0,1,Doğalgaz (Kombi),184.0,15.000.000 TL,
KADIKÖY KARAKOLHANE CADDESİ'NDE KOMPLE SATILIK BİNA,7.0,1,Doğalgaz (Kombi),800.0,45.000.000 TL,
KÜÇÜKÇEKMECE İSTASYON MAH. KOMPLE SATILIK SIFIR BİNA,5.0,1,Doğalgaz (Kombi),300.0,8.800.000 TL,
CİHANGİRDE DAİRE FİYATINA BİNA +2 KAT DAHA YAPILABİLİYOR,4.0,1,Doğalgaz (Kombi),80.0,30.500.000 TL,
Primax Florya Süper Konumda Satılık DENİZ MANZARALI KOMPLE BİNA,3.0,1,Doğalgaz (Kombi),600.0,75.000.000 TL,
Taksim Meydana Yürümede Mesafede 3 Katlı Satılık Bina,3.0,1,Doğalgaz (Kombi),85.0,4.000.000 TL,
Fevzi Çakmak Cad Satılık Komple Bina | Yıl sonu Fırsatı Kaçırmay,2.0,1,Doğalgaz (Kombi),200.0,3.500.000 TL,
komple satılık ticari bina,7.0,2,Doğalgaz (Merkezi),248.0,70.000.000 TL,
EYÜP TOPÇULARDA DÖNÜŞÜME UYGUN 8 KATLI KOMPLE BİNA VE ARSA,8.0,2,Doğalgaz (Merkezi),6.392,120.000.000 TL,
"İNÖNÜ MAH.YEDİTEPE ÜNV,DİBİNDE FULL DOLU 16DAİRELİ SATILIK BİNA",4.0,4,Doğalgaz (Merkezi),550.0,30.000.000 TL,
sahibinden temiz satılık bina,6.0,1,Doğalgaz (Kombi),100.0,12.500.000 TL,
"Gedikpaşa Oteller Bölgesinde Satılık İş Hanı,",8.0,5 +,Klima,1.0,110.000.000 TL,
Şişli Kurtuluş Kuyulubağ Sokakta Satılık Komple Bina,7.0,1,Doğalgaz (Kombi),385.0,29.000.000 TL,
BEYOĞLU BOĞAZKESEN CADDESİ 'NDE SATILIK BİNA!,6.0,1,Klima,300.0,29.500.000 TL,
SİLİVRİ ALİPAŞA'DA 4 KATLI BAHÇELİ BİNA,4.0,1,Kalorifer,280.0,8.500.000 TL,
"İSTANBUL ÇAPA'DA SAĞLIK LEJANTLI 3820m2 BİNA, 775m2 OTURUMLU",6.0,1,Doğalgaz (Merkezi),3.82,180.000.000 TL,
EMR'DEN SELÇUKHAN CADDESİNDE SATILIK KOMPLE BİNA,3.0,1,Doğalgaz (Kombi),340.0,6.250.000 TL,
SARIYER TARABYA'DA SAHİLE 25 METRE MESAFEDE KOMPLE SATILIK BİNA,2,1,Doğalgaz (Kombi),48.0,15.400.000 TL,
KADIKÖY'DE TABELA DEĞERİ YÜKSEK KOMPLE SATILIK TİCARİ BİNA,4,1,Doğalgaz (Kombi),370.0,140.000.000 TL,
Nişantaşı Zafer Sokak'ta Komple Satılık Bina,5,1,Doğalgaz (Kombi),550.0,39.000.000 TL,
,,,,,,
GALATAPORT VE DENİZ MANZARALI FUL TADİLATLI OTEL VE KONUTA UYGUN,7,2,Doğalgaz (Kombi),1.078,140.000.000 TL,
FATİH 'DE LÜX YAPILI SATILIK KOMPLE BİNA,5,1,Yerden Isıtma,60.0,11.000.000 TL,
BAĞCILAR YENİMAHALLE'DE KOMPLE SATILIK BİNA ARSA ALANI 148 M2,2,1,Doğalgaz (Kombi),148.0,8.000.000 TL,
SULTANGAZİ 6 KATLI 5000m2 KAPALI ALAN ÇİFT ASANSÖRLÜ KOMPLE BİNA,6,1,Doğalgaz (Kombi),5.0,149.500.000 TL,
CİHANGİRDE BOĞAZ MANZARALI 7 KATLI SATILIK BİNA,7,2,VRV,475.0,83.250.000 TL,
BEYOĞLU KARAKÖYDE GALATAPORT YAKINI SATILIK KOMPLE BİNA,7,1,Doğalgaz (Merkezi),1.85,172.000.000 TL,
REMAX MASAL'DAN KAĞITHANE AXIS AVM KARŞISI KİRACILI SATILIK BİNA,3,1,Yok,1.66,52.000.000 TL,
Sahibinden Satılık Bina,2,1,Doğalgaz (Kombi),160.0,11.750.000 TL,
BEŞYOL EMLAKTAN BAĞLAR CADDESİNİN EN İŞLEK YERİ 8 DAİRE 2 DÜKKAN,3,2,Doğalgaz (Kombi),173.0,31.360.000 TL,
HALASKARGAZİ CADDESİ ÜZERİNDE YATIRIM DEĞERİ YÜKSEK KOMPLE BİNA,7,1,Doğalgaz (Merkezi),1.963,113.000.000 TL,
"ZEYTİNBURNU TELSİZ MAH ,TİCARİ İMARLI İSKANLI BİNA",5,5 +,Doğalgaz (Kombi),1.27,105.000.000 TL,
Satılık Kadıköy Bostancı'da Müstakil Bina,3,1,Doğalgaz (Kombi),114.0,66.000.000 TL,
FIRSAT ACIBADEM ÜNV. ARKASINDA 5 KAT. SATILIK BİNA 11.600.000TL.,5,1,Doğalgaz (Kombi),430.0,11.600.000 TL,
Gaziosmanpaşa Salihpaşa Cadde Üzeri Satılık 1600 m2 Ticari Bina,7,1,Doğalgaz (Kombi),1.6,45.000.000 TL,
BEYOĞLU TAKSİMDE BUTİK HOTEL YAPIMINA UYGUN BİNA,4,1,Yok,130.0,9.875.000 TL,
"BAĞLARBAŞI MERKEZDE METRO,NUN DİBİNDE KOMPLE BİNA",3,1,Doğalgaz (Kombi),66.0,150.000.000 TL,
İSTANBUL-ZEY­TİNBURNU'NDA KOMPLE SATILIK TİCARİ BİNA,9 +,5 +,Doğalgaz (Merkezi),7.125,375.000.000 TL,
Fatih Samatya Kocamustafapaşa'da Komple Satılık Bina,2,1,Doğalgaz (Kombi),45.0,9.000.000 TL,
LIBADIYE ANA CADDE 0 KOMPLE BINA 6 DAIRE 2 DUKKAN (TEK YETKİLİ),4,2,Doğalgaz (Kombi),1.0,53.500.000 TL,
BÜYÜKDEREDE EŞSİZ BOĞAZ MANZARALI PROJELİ KUPON BİNA,4,2,Doğalgaz (Kombi),700.0,65.000.000 TL,
"Sarıyer Büyükdere Açık Boğaz Manzaralı 3.Katlı, 210m Arsa Tapulu",3,1,Doğalgaz (Kombi),270.0,52.000.000 TL,
YUVAKGİL İNŞAATTAN HABİBLERDE SATILIK AİLE BİNASI,5,1,Doğalgaz (Kombi),125.0,22.000.000 TL,
ARNAVUTKÖY MERKEZDE YATIRIMA VE OTURUMA UYGUN 4 DAİRE SERRA'DAN,4,2,Doğalgaz (Kombi),330.0,8.650.000 TL,
BEYOĞLU GALATADA KOMPLE SATILIK BİNA,6,1,Yok,210.0,17.000.000 TL,
GH EMLAK'TAN 1 HAFTA GEÇERLİ FIYAT 25BİN KIRACILI 7 YILLIK BİNA,4,2,Doğalgaz (Kombi),160.0,6.500.000 TL,
ARNAVUTKÖY İSLAMBEY MAHALLESİNDE SATILIK CADDE ÜSTÜ BİNA,4,1,Doğalgaz (Kombi),400.0,7.500.000 TL,
ÇINAR ANADOLU' DAN BEYOĞLU SÜTLÜCE' DE SATILIK BİNA !!!,3,1,Doğalgaz (Kombi),400.0,16.500.000 TL,
BAĞCILAR MAHMUTBEY SATILIK KOMPLE BİNA,5,1,Doğalgaz (Kombi),114.0,6.750.000 TL,
PIAR GAYRİMENKUL'DEN 840.M2 ARSA İÇERİSİNDE 2 KATLI SATILIK BİNA,2,2,Doğalgaz (Kombi),850.0,8.250.000 TL,
KİRAZLI METROYA YAKIN 4 DAİRE 1 DÜKKAN KOMPLE SATILIK BİNA TAKAS,3,1,Doğalgaz (Kombi),85.0,4.750.000 TL,
YENİ EMLAK'TAN SIFIR YATIRIMLIK BİNA 3+1 DAİRELER VE DÜKKAN!,5,1,Doğalgaz (Kombi),665.0,24.500.000 TL,
BEŞİKTAŞ SİNANPAŞA'DA 6 KATLI SATILIK BİNA,6,1,Doğalgaz (Kombi),725.0,90.000.000 TL,
TRAMVAYA 100 ADIM EMSALSİZ BİNA,3,1,Doğalgaz (Kombi),70.0,9.200.000 TL,
ÜSKÜDAR CUMHURİYET MAH SATILIK MASRAFSIZ BİNA,5,1,Doğalgaz (Kombi),700.0,16.500.000 TL,
SEYRANTEPE MERKEZDE KOMPLE SATILIK BİNA,7,1,Doğalgaz (Kombi),2.45,65.000.000 TL,
SATILIK BİNA ANA CADDE ÜZERİNDE,3,1,Doğalgaz (Kombi),350.0,24.500.000 TL,
GÖNÜL GAYRİMENKUL 211m ÇİFT DAİRELİK SATILIK BİNA,5,1,Doğalgaz (Kombi),211.0,21.000.000 TL,
DENGEİUM'DAN MEVLANA CAD. TİCARİ İMARLI SATILIK KOMPLE BİNA,5,1,Doğalgaz (Kombi),117.0,45.000.000 TL,
FATİH'TE ANA CADDEYE 50m KÖŞE PARSEL 72m2+113 m2 TOPLAMDA 185m2,4,1,Doğalgaz (Kombi),185.0,17.500.000 TL,
DÜNYA GAYRİMENKUL'DEN YAVUZ SULTAN SELİM MH SATILIK BİNA,3,1,Doğalgaz (Kombi),77.0,6.000.000 TL,
Acil Komple Satılık Bina,3,1,Doğalgaz (Kombi),160.0,5.500.000 TL,
BAHÇELİEVLER'DE 240 M2 ARSALI 4 DAİRELİ SATILIK FIRSAT BİNA,4,1,Doğalgaz (Kombi),800.0,15.600.000 TL,
DÜNYA ÖZ İNŞ CEBECİ MAH SATILIK BİNA 111M2 HASTANEYE YAKIN,4,1,Doğalgaz (Kombi),111.0,7.750.000 TL,
Sahibinden Komple Satılık 3katlı bina,3,1,Doğalgaz Sobası,122.0,5.000.000 TL,
ORDU CADDE ÜZERİ KOMPLE SATILIK BİNA,8,2,Doğalgaz (Merkezi),1.2,236.000.000 TL,
BAYRAMPAŞA'DA METROYA VE TRAMWAYA 10DK MESAFE 4 KATLI BİNA,4,2,Doğalgaz (Kombi),239.0,24.000.000 TL,
TARABYA'DA KURUMSAL KİRACILI DAİRE VE DÜKKAN,2,1,Doğalgaz (Kombi),140.0,41.500.000 TL,
Tarihi malta çarşısında bina 3 dükkan 1 otel,2,5 +,Doğalgaz (Kombi),187.0,88.000.000 TL,
PAŞAMDAN FATİH CERRAHPAŞADA SATILIK YENİ BİNA,4,1,Doğalgaz (Kombi),85.0,22.500.000 TL,
SATILIK İŞ HANI,3,1,Kalorifer,112.0,4.500.000 TL,
,,,,,,
Feriköy Yay Meydanı Satılık Komple 3 Kat Bina,3,1,Doğalgaz (Kombi),100.0,6.000.000 TL,
Sercan Gayrimenkul'den Güngören Gençosman Mh. Satılık 300m2 Bina,5,2,Doğalgaz (Kombi),300.0,43.000.000 TL,
CEM EVİ İTFAYE CİVARI 4 KATLI SATILIK BİNA,4,4,Doğalgaz (Kombi),98.0,9.700.000 TL,
YÜCEL GAYRİMENKUL İNŞAAT'TAN KARTALTEPE MAH. KOMPLE SATILIK BİNA,5,1,Doğalgaz (Kombi),190.0,28.000.000 TL,
ESENYURT'TA KOMPLE SATILIK DOĞAN ARASLI BULVARINA 2.BİNA,7,5 +,Doğalgaz (Kombi),4.8,150.000.000 TL,
Merkezi konum sıfır lüks satilik bina,5,2,Doğalgaz (Kombi),320.0,28.500.000 TL,
OSMANGAZİ MH ALSANCAK CD. MÜSTAKİL BİNA 3 DAİRE 1 DÜKKAN,3,2,Doğalgaz (Kombi),112.0,5.210.000 TL,
4E GAYRİMENKUL - 560 m2 ARSA İÇİNDE 1120 m2 NET KULLANIMLI BİNA,3,2,Doğalgaz (Kombi),560.0,84.500.000 TL,
KARTAL/TOPSELVİ ' DE 5 DAİRELİ KOMPLE BİNA ARSA İLE BERABER,5,1,Doğalgaz (Kombi),187.0,13.500.000 TL,
VOX- SARIYER BÜYÜKDERE 5. KATLI ORMAN MANZARALI KÖŞK,5,3,Doğalgaz (Kombi),540.0,50.000.000 TL,
İKRAM'dan HALİÇ CAD.YAKINI 4 DAİRE 1 DÜKKAN KOMPLE SATILIK,5,1,Doğalgaz (Kombi),90.0,13.200.000 TL,
BAĞCILAR SANCAKTEPE MAH. KAPALI YOLDA 5 KAT KOMPLE SATILIK BİNA,5,2,Doğalgaz (Kombi),273.0,41.000.000 TL,
Aksaray Vatan Caddesi Üzerinde Satılık Yeni Bina,6,2,Doğalgaz (Kombi),700.0,122.250.000 TL,
Güngören Gençosman da 5 daire 1 dükkan satılık,5,1,Doğalgaz (Kombi),202.0,12.000.000 TL,
BAYRAMPAŞA MERKEZDE KELEPİR SATILIK BİNA,3,3,Doğalgaz (Kombi),65.0,4.100.000 TL,
Acil satılık 5 katlı bina,5,1,Doğalgaz (Kombi),640.0,9.000.000 TL,
Eyüpsultan Bulvarında Ana Cadde Üzerinde Üç Cepheli Bina,4,1,Doğalgaz (Merkezi),450.0,31.725.000 TL,
FATİH MERKEZDE KONUT VEYA TİCARİ KULLANIMA UYGUN SATILIK BİNA,6,1,Doğalgaz (Kombi),545.0,21.000.000 TL,
MALTEPE METROSUNUN HEMEN YANINDA HARİKA KONUMDA SATILIK BİNA,5,1,Doğalgaz (Kombi),3.3,85.000.000 TL,
ÇATALCA ÇANAKÇA'DA SATILIK 1000M² ARSA İÇİNDE HAVUZLU 3 KAT VİLA,3,1,Doğalgaz (Kombi),350.0,15.000.000 TL,
TARİHİ OTEL & İŞMERKEZİ & HAN,5,3,Doğalgaz (Kombi),5.0,600.000.000 TL,
SİMAR'dan BEŞTELSİZ 102 SK'ta 95m2 BİNA,4,1,Doğalgaz (Kombi),95.0,24.000.000 TL,
"Avcılarda Komple Satılık Bina,Araç Takası Değerlendirilebilir !!",4,1,Doğalgaz (Kombi),400.0,3.620.000 TL,
KADIKÖY ÇARŞI'DA KOMPLE SATILIK 4 KATLI BİNA,4,1,Doğalgaz (Kombi),550.0,50.000.000 TL,
ZEYREK'TE SATILIK 7 DAİRELİ KOMPLE SATILIK 475 M2 İSKANLI BİNA,8,1,Doğalgaz (Kombi),475.0,15.500.000 TL,
ORTAKÖYDE SATLIK DUBLEKS DAIRE,4,1,Doğalgaz (Kombi),85.0,12.500.000 TL,
FATİH YENİKAPI YALI MAHALLESİ SATILIK BİNA 4 KATLI 166M2 ARSA,4,1,Doğalgaz (Kombi),166.0,16.000.000 TL,
Acil kelepir bina yabancı satışına uygun,4,2,Doğalgaz (Merkezi),45.0,4.100.000 TL,
KARAKÖY BANKALAR CADDESİNDE OTEL PROJELİ SATILIK BİNA,4,5 +,Doğalgaz (Kombi),900.0,165.000.000 TL,
YAKUPLU DA 310 m2 ARSA ÜZERİNDE 4 KATLI KOMPLE BİNA TAPUKUR'da,4,1,Doğalgaz (Kombi),310.0,12.500.000 TL,
Acil Satılık Bina,3,1,Doğalgaz Sobası,350.0,40.000.000 TL,
ACİL ATAŞEHİR Y.SAHRA Y. BEYAZIT CD. DE 2 DÜKKAN 2 DAİRELİ BİNA,2,2,Soba,550.0,25.500.500 TL,
GÜLTEPE 4 LEVENT MEVKİİNDE SATILIK 4 KATLI BİNA YATIRIM FIRSATI,4,1,Doğalgaz (Kombi),65.0,5.750.000 TL,
OTELLER BÖLGESİ 9 DAİRE 1 DÜKKAN FIRSAT,5,3,Soba,900.0,33.000.000 TL,
Acil satılık sahile 50 metre 420 m'2 bina,3,2,Doğalgaz (Kombi),420.0,26.000.000 TL,
ZEYTİNBURNU TEKSTİL ÇARŞISI'NDA SATILIK KOMPLE BİNA,4,2,Doğalgaz (Kombi),149.0,56.000.000 TL,
ERSOYLAR YAPI EMLAKTAN ALTINTEPSİDE 370m2 PARSEL BİNA,4,5 +,Doğalgaz (Kombi),371.0,28.300.000 TL,
YILMAZ'DAN ULUS MAHALLESİNDE KOMPLE SATILIK BİNA,3,1,Doğalgaz (Kombi),130.0,10.000.000 TL,
YUKARIDUDULLU MODOKO YANI SATILIK 610 M2 KOMPLE BİNA,4,2,Yok,610.0,10.900.000 TL,
AYAZOĞLU EMLAK'TAN 5 KATLI SATILIK BİNA,5,1,Doğalgaz (Kombi),135.0,8.500.000 TL,
SEYRANTEPE'DE MERKEZİ KONUMDA EXPERT'TEN SATILIK BİNA,9 +,1,Doğalgaz (Kombi),2.65,45.000.000 TL,
ESENYURT SAADETDERE 5 KATLI 10 DAİRELİK KOMPLE SATILIK BİNA,5,2,Doğalgaz (Kombi),700.0,32.000.000 TL,
BÜYÜK ÇAMLICA KISIKLIDA 263m2 ARSA İÇİNDE 4 KATLI BİNA,4,1,Doğalgaz (Kombi),450.0,29.500.000 TL,
TAKSİM MEYDANA ÇOK YAKIN SATILIK KOMPLE BİNA,6,1,Doğalgaz (Kombi),400.0,24.750.000 TL,
DENGEİUM'DAN İMDAT TORAMAN CAD. KÖŞE BAŞI SATILIK KOMPLE BİNA,7,1,Doğalgaz (Kombi),160.0,160.000.000 TL,
Emirgan Boyacıköy de Aynı Bahçede Boğaz Manzaralı İki Ayrı Bina,4,1,Doğalgaz (Kombi),800.0,66.000.000 TL,
GALATA'DA DOĞAN APT. YANI,6,1,Doğalgaz (Kombi),310.0,42.500.000 TL,
50.YIL MAHALLESİNDE BİNA KREDİYE UYGUN 4 ADET DAİRE 2 ADT DÜKKAN,6,1.0,Doğalgaz (Kombi),135.0,12.600.000 TL,
KARTALTEPE BİLGEHAN CAD SATILIK 12 DAİRE 2 DÜKKAN KOMPLE BİNA,4,3.0,Yerden Isıtma,1.5,55.000.000 TL,
PENDIK YAYALAR 204 M2 3 KATLI MUSTAKIL CADDE UZERI SATILIK BINA,3,3.0,Doğalgaz (Kombi),120.0,5.100.000 TL,
,,,,,,
"İNÖNÜ MAHALLESİNDE, İYİ LOKASYONDA BİNA",2,2.0,Soba,550.0,10.500.000 TL,
KUMBURGAZ MERKEZDE,3,1.0,Doğalgaz (Kombi),120.0,17.700.000 TL,
ŞAH MURAT EMLAK TAN ORKİDE SOKAKTA SATİLİK BİNA,5,1.0,Doğalgaz (Kombi),500.0,28.500.000 TL,
BEYKOZ ÇUBUKLUDA YATIRIMLIK SATILIK BİNA VE ARSASI,4,2.0,Soba,635.0,17.000.000 TL,
ALEMDAĞ CADDESİ KOMPLE SATILIK BİNA,5,2.0,Doğalgaz (Kombi),320.0,75.000.000 TL,
BÜYÜKÇEKMECE TÜRKOBA'DA MERKEZİ KONUMDA SATILIK 3 KATLI BİNA,3,1.0,Doğalgaz (Kombi),310.0,10.000.000 TL,
MENDERES MH İNÖNÜ CADDESİNE YAKIN 123m² SATILIK BİNA █YAPISAT█,5,1.0,Doğalgaz (Kombi),123.0,8.500.000 TL,
YENİKÖY KÖYBAŞI CADDESİ ÜZERİNDE SATILIK KOMPLE BİNA,4,1.0,Doğalgaz (Kombi),250.0,38.000.000 TL,
HAS BAHADIR DAN SATILIK BİNA İKİ DAİRE MEVCUT ARSASIYLA BERABER,2,1.0,Doğalgaz (Kombi),215.0,6.750.000 TL,
BEYOĞLUNDA 6 KAT OTELE UYGUN FIRSAT BİNA TERASLI DENİZ MANZARALI,6,1.0,Doğalgaz (Kombi),380.0,32.500.000 TL,
"Sahibinden, 2023 yapımı",4,2.0,Kalorifer,1.5,54.000.000 TL,
KAĞITHANE MERKEZDE 1400m² SATILIK 6 KATLI BİNA,6,3.0,VRV,1.6,50.000.000 TL,
KUMKAPI 4 KATLI 72m2 TABAN KOMPLE SATILIK BİNA,4,2.0,Doğalgaz (Kombi),72.0,12.500.000 TL,
"Bayrampaşa'nın En Mükemmel Yerinde, Satılık Bina",5,1.0,Doğalgaz (Kombi),120.0,12.770.000 TL,
GAZİOSMANPAŞA MEYDAN 1000m² KAPALI ALANLI 5 KATLI ASANSÖRLÜ BİNA,5,1.0,Doğalgaz (Kombi),1.0,54.500.000 TL,
BULGURLU MAHALLESİNDE SATILIK İKİ KATLI BİNA,2,1.0,Klima,86.0,5.400.000 TL,
KARİYE'DE SATILIK 4-KATLI BAHÇELİ BETONARME BİNA,4,1.0,Doğalgaz (Kombi),300.0,12.000.000 TL,
"Şişli, Elmadağ Caddeye Taksime Yakın Aparta Uygun Satılık Bina",4,1.0,Doğalgaz (Kombi),350.0,11.000.000 TL,
KADIKÖY MERKEZDE SAHİBİNDEN SATILIK BAHÇELİ BİNA,4,1.0,Doğalgaz (Kombi),430.0,98.000.000 TL,
KADIKÖY TİCARETİN MERKEZİNDE İSKANLI 350 M2 KOMPLE SATILIK BİNA,4,3.0,Doğalgaz (Kombi),350.0,24.000.000 TL,
Bina Ferah Çok Uygun Yok Doğalgaz (Kombi) Açık Otopark Son 3 gün!,2,1.0,Doğalgaz (Kombi),215.0,8.500.000 TL,
BÜYÜKÇEKMECE TÜRKOBA KOMPLE 4 KATLI BİNA SATILIK FIRSAT!!!,4,2.0,Doğalgaz (Kombi),110.0,25.000.000 TL,
ALİBEYKÖY ÇIRÇIR'DA KOMPLE SATILIK 6 KATLI BİNA,6,2.0,Doğalgaz (Kombi),170.0,26.500.000 TL,
ŞİŞLİ'DE SES'TEN MERKEZ'DE SATILIK TİCARİ İMARLI BİNA,6,2.0,Doğalgaz (Kombi),291.0,65.000.000 TL,
YAVUZTÜRKÜN EN GÜZELYERİNDE 3 KATLİ BİNA TOKİ GELİYORR,3,1.0,Doğalgaz (Kombi),300.0,13.500.000 TL,
BAĞCILAR BAĞLAR MAHALLESİNDE KOMPLE SATILIK 4 KATLI 460 M² BİNA,3,1.0,Doğalgaz (Kombi),460.0,8.750.000 TL,
AKŞEMSETTİN CAD. ÇOK YAKIN 164.47mt ARSALI 15/50 İMARLI BİNA,6,1.0,Doğalgaz (Kombi),115.0,27.250.000 TL,
Komple Satılık Bina,3,2.0,Klima,300.0,16.000.000 TL,
CT GAYRİMENKUL'DEN ESENTEPE'DE SATILIK KOMPLE BİNA(TEK YETKİ),4,2.0,Doğalgaz (Kombi),750.0,10.100.000 TL,
RE/MAX KULE ACİL KOMPLE SATILIK 2 BİNA VE ARSASI (ARSA 920 M2),9 +,4.0,Doğalgaz (Kombi),920.0,320.000.000 TL,
sahibinden satılık bina,6,2.0,Doğalgaz (Kombi),250.0,250.000.000 TL,
Yeditepe Aras...yurt yapımına uygun boş bina,4,1.0,Doğalgaz (Kombi),209.0,13.500.000 TL,
SATILIK BiNA 4 KATLI.,4,1.0,Klima,45.0,16.750.000 TL,
SAHİBİNDEN VİLLA GÖRÜNÜMLÜ BİNA,3,2.0,Yerden Isıtma,600.0,42.500.000 TL,
*Remax Öncü**Yusuf Kurt*F.Paşa'da Satılık Komple Bina,2,2.0,Doğalgaz (Kombi),309.0,10.000.000 TL,
Redstone Gold Kavacık Dörtyol Satılık 3 Daireli Yasal Bina,4,1.0,Doğalgaz (Kombi),410.0,21.500.000 TL,
AVCILAR MERKEZ MAHALLESİ OTEL KİRACILI SATILIK BİNA,5,1.0,Doğalgaz (Kombi),1.872,85.000.000 TL,
E5 Cepheli Kıymetli Konumda Fırsat Ticari Mülk,2,1.0,Klima,200.0,81.000.000 TL,
OTEL OLMAYA MÜSAİT TİCARİ RUHSATLI KOMPLE SATILIK BİNA,3,1.0,Doğalgaz (Kombi),1.8,35.000.000 TL,
BEŞİKTAŞ ULUS'TA EXPERT'TEN SATILIK YATIRIMLIK KAT MÜLKİYETLİ,9 +,1.0,Doğalgaz (Merkezi),1.47,105.000.000 TL,
KOMPLE SATILIK ASANSÖRLÜ OTOPARKLI SIFIR BİNA,6,4.0,Doğalgaz (Kombi),1.8,64.000.000 TL,
REDSTONE İCG 4 ADET DAİRE 1AD DÜKKAN ŞİŞLİDE KOMPLE SATILIK BİNA,6,1.0,Doğalgaz (Kombi),327.0,16.500.000 TL,
KARAGÜLLE'DEN ACİL SATILIK TUZLA ŞİFA MH.370m2ARSA PAYLI BİNA,4,1.0,Soba,370.0,9.448.000 TL,
Ardıçlıda 7 daire ve depolu dükkan,4,2.0,Doğalgaz (Kombi),346.0,18.500.000 TL,
ZEYTİNBURNU BEŞTELSİZ DE YATIRIM FIRSATI KOMPLE BİNA,4,1.0,Doğalgaz (Kombi),540.0,27.000.000 TL,
SEYMENDE DAİRE FİYATINA 3.5 KATLI BAHÇELİ BİNA DOĞALGAZLI,4,1.0,Doğalgaz (Merkezi),540.0,3.990.000 TL,
"KARTAL,YAKACIK, 370m2,SATILIK BİNA,11.475.000.-TL.",3,1.0,Doğalgaz (Kombi),370.0,11.475.000 TL,
ESENLER TUNA MAH.NEZİH SOKAĞINDA 4 KATLI SATILIK KOMPLE BİNA,4,1.0,Doğalgaz (Kombi),101.0,6.650.000 TL,
YELVE YAPIDAN ADİL MAHALLESİNDE MİMARLIK HARİKASI AİLE BİNASI!,3.0,1,Doğalgaz (Kombi),265.0,20.250.000 TL,
FATİH CEVDETPAŞA CADDESİ'NDE 5 KATLI BİNA,5.0,1,Doğalgaz (Kombi),500.0,16.000.000 TL,
SÜLEYMANİYE CADDESİ ÜZERİNDE SATILIK KOMPLE BİNA (OPTİMUM),4.0,1,Doğalgaz (Kombi),400.0,55.500.000 TL,
,,,,,,
R.W Sema ÖRS'ten Maltepe Atatürk Caddesinde Yatırım Fırsatı !,2.0,1,Doğalgaz (Merkezi),500.0,20.000.000 TL,
KARAKÖY MERKEZDE GALATA KÖPRÜSÜ YANI SATILIK 3 KATLI BİNA,3.0,1,Doğalgaz (Kombi),45.0,13.500.000 TL,
KARAKÖY MERKEZDE GALATAPORTA YAKIN KOMPLE SATILIK BİNA (OPTİMUM,7.0,1,Doğalgaz (Kombi),250.0,50.000.000 TL,
Beyoğlu'nda Satılık Komple Bina!,5.0,1,Doğalgaz (Kombi),275.0,23.995.000 TL,
ÇENGELKÖYDE İÇİ SIFIR SATILIK BİNA,3.0,1,Doğalgaz (Kombi),85.0,12.000.000 TL,
REDSTONE İCG | Sirkeci Mısır Çarşısı'nda Satılık Bina(Dükkanlı),5.0,1,Doğalgaz (Kombi),150.0,77.500.000 TL,
BEYOĞLU ÇATMA MESCİD MAH 6 KATLI SATILıK BİNA,6.0,1,Yok,70.0,23.000.000 TL,
GÜNEŞLİ BASIN EKSPRES YOLU YANINDA SATİLİK KOMPLE BİNA ..,4.0,1,Doğalgaz (Kombi),440.0,17.500.000 TL,
KENTSEL DÖNÜŞÜME UYGUN İMARLI 6 DAİRELİK BİNA VE 220 m'2 ARSA,4.0,1,Doğalgaz (Merkezi),435.0,11.600.000 TL,
BAYRAMPAŞA'DA KÖŞE BAŞI SATILIK BİNA,5.0,3,Doğalgaz (Kombi),1.7,25.900.000 TL,
DENİZ MANZARALI 4 KATLI AHŞAP TARİHİ EV,4.0,1,Soba,160.0,7.500.000 TL,
UZUNOĞLU EMLAKTAN BEYAZIT GEDİKPAŞA CD APART OTELE UYGUN SATILIK,7.0,1,Yok,50.0,13.340.000 TL,
CİHANGİR'DE CADDE ÜSTÜ TARİHİ DOKULU SATILIK BİNA...,7.0,2,Doğalgaz (Kombi),600.0,75.000.000 TL,
KÜÇÜKÇEKMECE SEFAKÖY İNÖNÜ MAH. MERKEZİ YERDE SATILIK YENİ BİNA,4.0,1,Doğalgaz (Kombi),190.0,14.000.000 TL,
ECE PREMİUM'dan BAYRAMPAŞA YILDIRIM'DA SATILIK KOMPLE BİNA,5.0,1,Doğalgaz (Kombi),150.0,27.250.000 TL,
AYDIN EMLAK'TAN YATIRIMCININ DİKKATİNE 2 DÜKKANLI TARİHİ ESER,5.0,1,Doğalgaz (Kombi),320.0,55.000.000 TL,
Satılık komple 5 dairelik konut binası,5.0,1,Doğalgaz (Kombi),520.0,8.800.000 TL,
KÜÇÜKÇEKMECE İKİTELİ ATATÜRK MAH 8 KATLI SATILIK BİNA 149 m2,7.0,5 +,Doğalgaz (Kombi),149.0,14.000.000 TL,
N&G NEFES'TEN BEYKOZ TOKATKÖY'DE MÜSTAKİL İMAR GELİCEK YERDE,2.0,1,Doğalgaz (Kombi),320.0,19.500.000 TL,
743M2 ARSA İÇERSİNDE TAPU NİTELİĞİ BAHÇELİ KAGİR EV(2.DERECE),2.0,1,Doğalgaz Sobası,743.0,92.000.000 TL,
"AsHill'den Mükemmel Konumda, Airbnb Uygun, 8 Daire Hazır",3.0,2,Doğalgaz (Kombi),610.0,50.000.000 TL,
KAMELYA EMLAK'TAN Bağcılar Cad.Üzeri Köşe 5Katlı Masrafsız Bina,5.0,1,Doğalgaz (Kombi),1.0,41.350.000 TL,
Ana Cadde Üzerinde Ticari + Konut Satılık Bina,3.0,1,Doğalgaz (Kombi),125.0,9.200.000 TL,
SULTANAHMET'TE 4 KATLI SATILIK BOŞ TARİHİ BİNA,4.0,1,Doğalgaz (Merkezi),250.0,14.500.000 TL,
BÜYÜKÇEKMECE CELALİYE MERKEZ DE SATILIK 3 KATLI BİNA,3.0,1,Doğalgaz (Kombi),144.0,11.700.000 TL,
MÜSTAKİL BİNA(Merkezi konuma),4.0,1,Doğalgaz (Kombi),460.0,11.000.000 TL,
"Sefaköy Merkez de Satılık Komple Bina,Metrobüse Yakın",3.0,2,Doğalgaz (Kombi),500.0,21.000.000 TL,
Beyoğlu İstiklal Caddesi'nde Satılık Bina,7.0,1,Yok,450.0,88.000.000 TL,
BOĞAZIN İNCİSİ ÇENGELKÖYÜN KALBİNDE CADDE ÜSTÜ FIRSAT BİNA!,3.0,1,Doğalgaz (Merkezi),285.0,19.750.000 TL,
Yok Geniş Doğalgaz (Kombi) Merkeze 5 dk Uzaklıkta Bina Acil!,5.0,1,Doğalgaz (Kombi),150.0,13.500.000 TL,
PERA PALAS'A YÜRÜME MESAFESİNDE TAMAMEN YENİLENMİŞ SATILIK BİNA,5.0,1,Doğalgaz (Kombi),205.0,17.500.000 TL,
yatırımlık komple bina (cadde köşesi),4.0,1,Doğalgaz (Kombi),90.0,11.500.000 TL,
BEŞİKTAŞ ÇARŞI İÇİNDE KOMPLE BİNA,4.0,1,Doğalgaz (Kombi),160.0,12.400.000 TL,
LALELİ ŞAİR HAŞMET SOKAK SATILIK 1120M -FIRSAT-İŞ MERKEZİ,8.0,1,Klima,1.12,270.000.000 TL,
Heybeli'de yan yana 1181 m2 iki parsel ve içinde 4 daireli bina,2.0,2,Yok,1.181,15.000.000 TL,
Galata Şişhane 'de Satılık Bina,3.0,1,Klima,90.0,16.000.000 TL,
"burgaz bambaşka. kibar,butik. rıhtımda 1/2 hissesi satılık yalı.",2.0,2,Yok,728.0,23.000.000 TL,
CADDEYE 2. PARSEL 9 DAİRELİ SATILIK KOMPLE BİNA,4.0,2,Doğalgaz (Kombi),900.0,11.250.000 TL,
SAHİBİNDEN SATILIK BİNA,3.0,1,Doğalgaz (Kombi),120.0,12.500.000 TL,
SULTANBEYLİDE 240M2 KOMPLE SATILIK BİNA,4.0,1,Doğalgaz (Merkezi),240.0,7.900.000 TL,
ULUS MAHALLESİNDE SATILIK BİNA,4.0,1,Doğalgaz (Kombi),85.0,26.500.000 TL,
TEK ADRES GAYRİMENKUL'DEN ESENYURT'TA SATILIK BİNA (7 AD. DAİRE),6.0,5 +,Doğalgaz (Kombi),500.0,10.000.000 TL,
ŞAH MURAT EMLAK TAN SATİLİK KOMPLE BİNA,4.0,1,Doğalgaz (Kombi),480.0,21.500.000 TL,
istanbul`un göz bebeği yükselen yıldızı GALATAPORT un hemen yanı,3.0,1,Soba,150.0,8.400.000 TL,
DENİZ MANZARALI 3 KATLI BİNA.,3.0,1,Doğalgaz (Kombi),50.0,8.250.000 TL,
iki katlı bahçeli doğalgazlı bina,2.0,1,Doğalgaz (Kombi),120.0,3.750.000 TL,
Esenyurt/İnönü Mah/Cadde Üstü,5.0,1,Doğalgaz (Kombi),132.0,16.500.000 TL,
Beyoğlu Tomtom'da Satılık 5 Katlı Bina,5.0,1,Doğalgaz (Merkezi),680.0,50.000.000 TL,
HALKALI MERKEZ MAH SATILIK İŞYERİ BİNASI VE YANINDA BOŞ ARSA,7.0,1,Doğalgaz (Merkezi),3.45,97.000.000 TL,
İSTANBUL ATAŞEHİR'DE YATIRIM FIRSATI SATILIK KOMPLE BİNA,2.0,4,Doğalgaz (Kombi),1.14,125.000.000 TL,
4.LEVENT TE SATILIK İKİ AYRI BİNA KAT KARŞILIĞI DEĞERLENDİRİLİR,6.0,1,Doğalgaz (Kombi),95.0,19.000.000 TL,
,,,,,,
B.DÜZÜ KAVAKLI DA 1100 M2 ARSA İÇİNDE 5 KATLI İSKANLI BİNA,4.0,1,Doğalgaz (Kombi),1.1,69.500.000 TL,
Beylikdüzü Kristalşehir Site İçerisinde 1400 m. Satılık Bina,2.0,2,Doğalgaz (Kombi),1.45,75.000.000 TL,
ABN 'den Bebek Sahile 100m uzaklıkta 1500m2 Satılık Komple Bina,4.0,2,Doğalgaz (Merkezi),1.5,200.000.000 TL,
8 EMLAK 'TAN TAKSİM'İN GÖBEĞİNDE 6 KATLI KOMPLE BİNADA,6.0,1,Doğalgaz (Merkezi),600.0,35.000.000 TL,
İCADİYE KUZGUNCUK MEVKİİNDE 240M2 4 KATLI KOMPLE SATILIK BİNA,4.0,1,Doğalgaz (Kombi),240.0,18.500.000 TL,
ŞİŞLİ CAMİSİNİN KARŞI SOKAĞINDA SATILIK KOMPLE BİNA,7.0,5 +,Doğalgaz (Merkezi),500.0,33.500.000 TL,
İSTANBUL ARNAVUTKÖYDE HARİKA KONUMDA SATILIK BİNA,5.0,1,Doğalgaz (Kombi),500.0,18.850.000 TL,
TEKSTİLİN MERKEZİNDE SATILIK 5 KATLI BİNA,5.0,1,Kalorifer,90.0,49.000.000 TL,
HARİKA YATIRIM FIRSATI KARTAL TOPSELVİ'DE SATILIK KOMPLE BİNA,2.0,2,Doğalgaz (Kombi),436.0,7.820.000 TL,
şişli mecidiyeköy de satılık komple 4 katlı ticari bina,4.0,2,Doğalgaz (Kombi),548.0,54.000.000 TL,
SAHİBİNDEN KARTAL E5 DE / ÇOK İYİ KONUMDA / İYİ KİRA GETİRİLİ,5.0,1,Doğalgaz (Kombi),521.0,17.900.000 TL,
AVCILAR YEŞİLKENT MAHALLESİNDEN ACİL SATILIK BİNA,5.0,1,Doğalgaz Sobası,150.0,8.120.000 TL,
HARİKA MANZARALI ÇOK SAKİN VE NEZİH BİR SOKAKTA SATILIK BİNA,5.0,1,Doğalgaz (Kombi),213.0,13.000.000 TL,
BEŞİKTAŞ ORTAKÖYDE SAHİLE YAKIN YÜKSEK KİRA GETİRİLİ BİNA,4.0,1,Doğalgaz (Kombi),165.0,13.000.000 TL,
MECİDİYEKÖY'DE TRUMP TOWER YANINDA 5 KATLI BİNA KOMPLE SATILIK,5.0,1,Doğalgaz (Kombi),2.0,170.000.000 TL,
Avcılarda E-5 Cepheli Reklam Gücü Çok Yüksek 1.000m2 Bina,5.0,1,Yok,1.0,69.000.000 TL,
ÇAPA ŞEHREMİNİ SATILIK KOMPLE BİNA,5.0,1,Doğalgaz (Kombi),450.0,16.500.000 TL,
3 daire 2 dükkan,4.0,2,Doğalgaz (Kombi),98.0,5.750.000 TL,
BUYUKÇEKMECE'DE SATILIK BINA kira getirisi 30.000 TL,5.0,1,Doğalgaz (Kombi),110.0,4.400.000 TL,
ÇEKMEKÖY ÇATALMEŞE MAHALLESİNDE SATILIK MÜSTAKİL EV,1.0,1,Doğalgaz (Kombi),140.0,7.750.000 TL,
Büyükada da bahçeli üç daireden oluşan satılık bina.,3.0,1,Doğalgaz (Kombi),80.0,8.000.000 TL,
SAHİBİNDEN ACİL SATILIK AİLE BİNASI,4.0,1,Doğalgaz (Kombi),158.0,12.500.000 TL,
DENGEİUM'DAN B.TELSİZ MAH İSKİ CAD. SATILIK MÜSTAKİL KOMPLE BİNA,5.0,1,Doğalgaz (Kombi),300.0,92.000.000 TL,
SAHİBİNDEN CADDE ÜSTÜ SATILIK ARSA - BİNA,2.0,1,Doğalgaz (Kombi),560.0,39.000.000 TL,
BERRAK DENİZ BALAT 3 STOREY CITIZENSHIP DEED 68M2 GRADE SESSION,3.0,1,Doğalgaz (Kombi),68.0,10.200.000 TL,
DENGEİUM'DAN TRAMVAY CADDESİNDE 7 KATLI 500m² ASANSÖRLÜ 2 PLAZA,7.0,1,Klima,500.0,70.000.000 TL,
KUMBURGAZ E5'E YAKIN 400 M2 KÖŞE BİNA,3.0,1,Doğalgaz (Kombi),400.0,11.000.000 TL,
TAMİRHANE ÇINAR CD. CEPHELİ 400M2 ARSALI BİNA 250.000 TL GETİRİR,4.0,4,Doğalgaz (Kombi),400.0,56.000.000 TL,
SANCAKTE SAMANDIRA DA SATILIK BİNA,4.0,1,Doğalgaz (Kombi),211.0,8.000.000 TL,
YK GAYRİMENKUL'DEN SATILIK BİNA 201M2 ARSA 2 ADT 2+1 2 ADT 1+1,2.0,4,Doğalgaz (Kombi),300.0,7.750.000 TL,
SARIGAZİ-4 KATLI BİNA-260M2 ARSA PAYI-5 DAİRE MÜKEMMEL KONUM!!,4.0,1,Doğalgaz (Kombi),260.0,11.000.000 TL,
TUZLA ŞİFA MAH. YATIRIMLIK 4 KATLI SATILIK BİNA,4.0,1,Doğalgaz (Kombi),450.0,6.850.000 TL,
TEK YETKİLİ HALASKARGAZİ CAD.HİDAYET SK 6 KTLI DÜKKAN'LI BİNA,6.0,1,Doğalgaz (Kombi),85.0,30.000.000 TL,
İDEALTEPE MİNİBÜS CADDESİ ÜZERİNDE MUHTEŞEM KONUMDA SATILIK ARSA,1.0,1,Doğalgaz (Kombi),294.0,27.000.000 TL,
YILMAZ EMLAK ORTAKÖYDE MERKEZDE SATILIK 5 DAİRE Lİ BİNA,5.0,1,Doğalgaz (Kombi),375.0,13.500.000 TL,
Fatih Emlak'tan 3 kat 73m2 9 / 50 imarlı 4.500.000 tl.,3.0,1,Doğalgaz (Kombi),73.0,4.500.000 TL,
Çok Uygun Merkezi Konum Yok Doğalgaz (Kombi) Bina Geniş,1.0,1,Doğalgaz (Kombi),140.0,7.530.000 TL,
HARAÇCIDA MÜKEMMEL KONUMDA 3 KATLI BİNA,3.0,1,Doğalgaz (Kombi),150.0,10.500.000 TL,
REEL İSTANBULDAN AYDINLI MERKEZDE SATILIK KOMLE BİNA,4.0,2,Doğalgaz (Kombi),400.0,14.000.000 TL,
Rumelihisar Üstü Merkezi Konumda Satılık Komple Bina,2.0,2,Doğalgaz (Kombi),320.0,14.000.000 TL,
MUTLUOL PROJEDEN SANAYİ BÖLGESİNDE NET 480 M2 ARSA ÜZERİNDE BİNA,2.0,1,Yok,480.0,25.000.000 TL,
OTEL VE İŞ YERİNE UYGUN AKDENİZ CAD.100 M. KOMPLE SATILIK BİNA !,5.0,1,Doğalgaz (Kombi),400.0,20.500.000 TL,
EM-OF EMLAK'TAN BAĞCILAR'IN EN YOĞUN BÖLGESİNDE SATILIK BİNA,5.0,5 +,Doğalgaz (Merkezi),1.176,82.500.000 TL,
ŞAHİNLER İNŞ EMLAKDAN SATILIK KOMPLE BİNA 7 DAİRE 3 DÜKKAN,4.0,2,Doğalgaz (Kombi),260.0,22.000.000 TL,
Beykoz Çubuklu Kireçocağı Caddesinde 360 m² Satılık komple bina,3.0,1,Doğalgaz (Kombi),360.0,14.500.000 TL,
BAĞCILAR KEMALPAŞA MH. SATILIK 3 KATLI BİNA ACİL,3.0,1,Doğalgaz (Kombi),108.0,5.520.000 TL,
ZARİF GAYRİMENKUL'DEN 172M2 ARSALI 7 DAİRE 1 DÜKKAN BİNA...,4.0,2,Doğalgaz (Kombi),172.0,13.000.000 TL,
SAHİBİNDEN SATILIK BİNA,3.0,1,Doğalgaz (Kombi),200.0,7.530.000 TL,
Beyoğlu Dolapdere'de 4 Katlı Bahçeli Bina,4.0,1.0,Doğalgaz Sobası,110.0,20.000.000 TL,
Bağlarbaşında Komple Satılık Bina,4.0,2.0,Doğalgaz (Kombi),500.0,36.000.000 TL,
BAKIRKÖY SAKIZAĞACI'NDA KOMPLE YENİLENMİŞ SATILIK TARİHİ BİNA...,2.0,1.0,Doğalgaz (Kombi),260.0,22.000.000 TL,
,,,,,,
MALTEPE GÜLENSU DA FUL DENİZ MANZARALI SATILIK 3 KATLI BİNA,3.0,1.0,Doğalgaz (Merkezi),102.0,5.500.000 TL,
Bebek Arnavutköy Caddesi Üzerinde Satılık 350m2 Bina,4.0,1.0,Doğalgaz (Kombi),350.0,210.000.000 TL,
KAYIŞDAĞI MAH.KOMPLE BİNA,4.0,1.0,Doğalgaz (Kombi),600.0,19.850.000 TL,
Esenyurt Cadde Üzeri Satılık Bina,5.0,2.0,Doğalgaz (Kombi),232.0,13.000.000 TL,
İKİTELLİ MEHMET AKİF MALL OF İSTANBUL KARŞISI SATILIK BİNA,4.0,4.0,Doğalgaz (Kombi),450.0,9.700.000 TL,
KAĞITHANE GÜLTEPE'NİN MERKEZİNDE YATIRIMLIK KOMPLE SATILIK BİNA,3.0,1.0,Doğalgaz (Kombi),240.0,6.600.000 TL,
YEŞİLYURT EMLAK'TAN HALASKARGAZİ CADDESİNDE SATILIK KOMPLE BİNA,5.0,1.0,Doğalgaz (Merkezi),195.0,145.600.000 TL,
MİTRA GAYRİMENKUL'DEN ZEKERİYAKÖY'DE KOMPLE SATILIK BİNA,2.0,1.0,Doğalgaz (Kombi),350.0,15.000.000 TL,
Dudullu Bostancı metrosuna Modokoya 5 dakika konumda köşe bina,4.0,1.0,Doğalgaz (Kombi),188.0,13.150.000 TL,
FATİH EMLAK'TAN CADDE CEPHELİ SATILIK KÖŞE BİNA,5.0,2.0,Doğalgaz (Kombi),215.0,25.750.000 TL,
SATILIK KOMPLE BİNA.SULTANGAZİ 50. YIL MAH.4 KATLI ve 335m².,4.0,1.0,Doğalgaz (Kombi),335.0,11.000.000 TL,
ŞİŞLİ'DE BİR APARTIMAN...,7.0,1.0,Doğalgaz (Kombi),900.0,43.000.000 TL,
ACİLL 2 ADET BİNAMİZ TEK FİYAT SATILIK 13.500.000TL,5.0,1.0,Doğalgaz (Kombi),50.0,13.500.000 TL,
8 KATLI BİNA 12 DAİRE 3 DUBLEKS 2 DÜKKANLI 1.CEBECİ CADDESİNDE,8.0,3.0,Doğalgaz (Kombi),2.5,88.000.000 TL,
PİERRE LOTİ ÇOK YAKIN 5 KATLI BİNA YAZ BAHÇRLİ ŞEHİR MANZARALI,5.0,1.0,Doğalgaz (Kombi),540.0,20.000.000 TL,
Galata Serdarı Ekremde Mimari Dekorasyonlu Komple Airbnb Binası,5.0,1.0,Yerden Isıtma,450.0,65.000.000 TL,
Harika konumda sahibinden satılık bina,3.0,1.0,Doğalgaz (Kombi),189.0,10.000.000 TL,
BEYKOZ ÇAVUŞBAŞI ÇİFTLİK MAH KOMPLE BİNA,3.0,1.0,Doğalgaz (Kombi),1.5,115.000.000 TL,
Fırsat Komple Satılık Bina,5.0,1.0,Doğalgaz (Kombi),178.0,47.000.000 TL,
Meclis Mahallesinin satılık en güzel plazası,4.0,1.0,Doğalgaz (Merkezi),720.0,22.000.000 TL,
"heybeli'de sorunsuz, rekonst.projeye uygun 3/4 tamam harika bina",3.0,1.0,Doğalgaz (Kombi),450.0,16.000.000 TL,
REMAX MURAT TAYLAN'DAN BEYOĞLU BALO SOKAK'TA 900 M2 TARİHİ BİNA,7.0,1.0,Yok,900.0,59.000.000 TL,
GG GÖZDEM'DEN Tarabya Sahilde 6 Katlı Satılık Bina,6.0,1.0,Doğalgaz (Kombi),520.0,65.000.000 TL,
BEYOĞLU TAKSIME. 5 DAKIKA,3.0,1.0,Soba,138.0,4.000.000 TL,
KIZILELMA BP YANI MÜKEMMEL YATIRIMLIK KREDİYE UYGUN SATILIK BİNA,3.0,1.0,Doğalgaz (Kombi),180.0,7.750.000 TL,
İlke Sanlı 'dan Zincirlikuyu Esentepe Mahallesinde Satılık Bina,5.0,1.0,Doğalgaz (Kombi),1.0,190.000.000 TL,
BAĞCILAR 15 TEMMUZ MAHALLESİNDE KOMPLE SATILIK BİNA ARSA 124 M2,2.0,1.0,Doğalgaz (Kombi),124.0,8.500.000 TL,
KURTKÖY MERKEZDE SATILIK İSKANLI BİNA,4.0,1.0,Doğalgaz (Kombi),500.0,21.500.000 TL,
Taksim satılık bina,4.0,1.0,Doğalgaz (Kombi),45.0,35.000.000 TL,
ATAŞEHİR ÖRNEK MAH. CADDE ÜZERİ SATILIK BİNA,2.0,2.0,Doğalgaz (Kombi),278.0,30.200.000 TL,
GALATA SERDAR-I EKREM' DE SATILIK BİNA,3.0,2.0,Doğalgaz (Kombi),300.0,39.750.000 TL,
ATAŞEHİR ACIBADEM ÜNİVERSİTESİ SATILIK PLAZA İSKANLI MÜLKİYETLİ,5.0,1.0,Doğalgaz (Kombi),450.0,36.750.000 TL,
"İstanbul kağıthane""de satılık butik otel",8.0,4.0,Doğalgaz (Kombi),608.0,30.000.000 TL,
BEYOĞLU SÜTLÜCEDE SATILIK 100m İKİ KATLI BİNA,2.0,1.0,Doğalgaz (Kombi),100.0,11.000.000 TL,
ŞİŞLİ DE ÖZEL TASARLANILMIŞ 2 KATLI AIRBNB UYGUN YENİ SATILIK EV,2.0,2.0,Klima,140.0,4.990.000 TL,
Ümraniye Madenler Mah. 4 Katlı Komple Satılık Bina,4.0,1.0,Yok,1.33,132.000.000 TL,
ARNAVUTKÖY BELEDİYESİ'NİN KARŞISINDA SATILIK İŞ MERKEZİ,4.0,2.0,Doğalgaz (Kombi),900.0,27.000.000 TL,
FİYAT TEKLİFİNE AÇIK TRİBLEX ÖZEL YAPI,4.0,1.0,Doğalgaz (Kombi),350.0,11.500.000 TL,
Sahibinden Satılık Hürriyet Mahallesinde Boş Bina,4.0,1.0,Doğalgaz (Kombi),121.0,9.935.000 TL,
KARTAL TOPSELVİ MAHALLESİNDE 190M2 ARSA İÇERSİNDE SATILIK BİNA,4.0,1.0,Doğalgaz (Kombi),190.0,6.500.000 TL,
FERAY EMLAK'TAN ÜMRANİYE ALTINŞEHİRDE 7 DAİRELİ MÜSTAKİL BİNA !!,4.0,2.0,Doğalgaz (Kombi),200.0,13.000.000 TL,
TUZLA MERKEZ İÇMELER KÖPRÜSÜ YAKININDA 240 m2 5 kat bina,6.0,2.0,Doğalgaz (Kombi),240.0,49.250.000 TL,
MÜKEMMEL KONUMDA YATIRIMLIK BİNA,4.0,1.0,Doğalgaz (Kombi),250.0,11.500.000 TL,
YUVAKGİL İNŞATTAN BAKIRKÖY DE KOMPLE BLOK 9 KATLI BİNA 3000M2,8.0,1.0,Kalorifer,3.0,105.000.000 TL,
SULTANGAZİ CEBECİ KOMPLE SIFIR YENİ YAPILAN BİNA,5.0,1.0,Doğalgaz (Kombi),75.0,14.750.000 TL,
ALTINŞEHİR METRO DURAGİ ARKASİNDA KOMPLE SATILIK BİNA,5.0,1.0,Doğalgaz (Kombi),500.0,18.000.000 TL,
"Bakırköy, Şenlikköy'de Komple Satılık Bina.",3.0,2.0,Doğalgaz (Kombi),500.0,49.500.000 TL,
FEVZİÇAKMAK MAHALLESİNDE SATILIK SIFIR KOMPLE 5 KATLI BİNA,5.0,1.0,Doğalgaz (Kombi),138.0,16.000.000 TL,
KEMALPAŞA'DA 3+1 108m SATILIK BİNA 5.150.000 TL,4.0,1.0,Doğalgaz (Kombi),108.0,5.150.000 TL,
Bebek Kortel Korusunda 850m2 Kullanım. Manzaralı 4 Daireli Bina,4.0,2.0,Doğalgaz (Merkezi),850.0,246.550.000 TL,
,,,,,,
sultanbeyligi müstakil bina,3.0,3.0,Soba,113.0,3.000.000 TL,
sahibinden satılık acil bina,3.0,1.0,Soba,120.0,20.750.000 TL,
Zekeriyaköy 1.Caddede 815m2 arsa içerisinde 3 Katlı Ticari Bina,3.0,1.0,Doğalgaz (Kombi),500.0,63.000.000 TL,
kapalı garajlı 4.5 katlı eşyaları ile beraber komple bina,4.0,4.0,Doğalgaz (Kombi),470.0,10.500.000 TL,
BÜYÜKÇEKMECEDE E-5'E 50MT MESAFEDE SATILIK BİNA,4.0,1.0,Yok,450.0,9.400.000 TL,
DRAMAN VE BALATIN KESİŞTİĞİ NOKTADA İÇİ FULL YAPILI BOŞ BİNA,5.0,1.0,Doğalgaz (Kombi),55.0,7.000.000 TL,
"5,5 KAT'a İMARLI BİNA",3.0,1.0,Yok,183.0,5.350.000 TL,
FATİH TE SATILIK BİNA,5.0,1.0,Doğalgaz (Kombi),500.0,14.000.000 TL,
PAK EMLAKDAN ÜSTKAYNARCADA SATILIK BİNA KOMPLE KİRACILI UTRALÜKS,4.0,1.0,Doğalgaz (Kombi),125.0,6.950.000 TL,
GAZİOSMANPAŞA KARLITEPEDE KOMPLE SATILIK BİNA,2.0,3.0,Doğalgaz (Kombi),269.0,16.000.000 TL,
ARSA FİYATINA ANAYOLA CEPHELİ BİNA,3.0,1.0,Doğalgaz (Kombi),100.0,12.000.000 TL,
İSTANBUL ATAŞEHİRDE YATIRIMLIK SATILIK KOMPİLE BİNA,2.0,4.0,Doğalgaz (Kombi),1.14,120.000.000 TL,
SULTANAHMET 2.DERECE OTELLER RESTAURANTLAR BÖLGESİNDE 3 KATLI,3.0,1.0,Klima,100.0,20.250.000 TL,
Paşabahçe de Boğaz Manzaralı Dört Katlı Müstakil Bina,4.0,1.0,Doğalgaz (Kombi),455.0,15.500.000 TL,
İSTANBUL CİBALİDE KOMPLE SATILIK BİNA 45000000 TL,5.0,2.0,Doğalgaz (Kombi),500.0,45.000.000 TL,
Beyoğlu İstiklal Caddesi Satılık Komple Bina (optimum),6.0,1.0,Doğalgaz (Merkezi),400.0,185.000.000 TL,
"CITY TEK YETKİLİ, KINALIADA'DA 4 KATLI KOMPLE SATILIK BİNA",4.0,2.0,Yok,266.0,30.000.000 TL,
İDEALTEPE MİNİBÜS CADDESİ ÜZERİNDE MUHTEŞEM KONUMDA SATILIK BİNA,4.0,1.0,Doğalgaz (Kombi),1.013,53.000.000 TL,
Fatih Topkapı 170m2 Arsa Üzerine Yapılı Satılık 70m2 Bina,4.0,1.0,Doğalgaz (Kombi),70.0,13.650.000 TL,
Fatih Küçükpazar Matroya Yakın 200 m2 Kapalı Alan 3 Katlı Bina,3.0,1.0,Yok,52.0,14.750.000 TL,
GÜRPA'dan KONUMU HARİKA ANA CADDE ÜSTÜNDE YATIRIMLIK BİNA,3.0,1.0,Doğalgaz (Kombi),64.0,12.500.000 TL,
BAYRAMPAŞA VATAN MAH. 128M2 TAPU ALANI OLAN SATILIK 3 KATLI BİNA,3.0,1.0,Doğalgaz (Kombi),128.0,6.750.000 TL,
ATAŞEHİR FERHATPAŞA'DA KOMPLE SATILIK BİNA,4.0,1.0,Doğalgaz (Kombi),870.0,47.500.000 TL,
FERAHEVLER ANA CADDE ÜZERİ KOMPLE BİNA,4.0,1.0,Doğalgaz (Kombi),230.0,37.500.000 TL,
Heybeliada Merkezi Konum İskele Yakın Satılık 4 Katlı Bina,4.0,1.0,Doğalgaz (Kombi),340.0,15.000.000 TL,
YASİN GAYRİMENKULDEN TAKSİME 5 DK MESAFEDE YATIRIMLIK BİNA,4.0,1.0,Soba,50.0,2.250.000 TL,
mahmutbey ticari iş sahasi icinde bina,3.0,1.0,Doğalgaz (Kombi),140.0,16.250.000 TL,
Cihangir'de Panaromik Süper Deniz Manzaralı BahçeliBalkonlu Bina,6.0,1.0,Doğalgaz (Kombi),660.0,75.000.000 TL,
Satılık 6 Katlı Bina (10 Daire 4 dükkan) Kat Mülkiyetli,6.0,2.0,Doğalgaz (Kombi),1.6,24.500.000 TL,
Cihangir'de Tam Merkezde Tam Köşe Parselde Yüksek Tavanlı Bina,6.0,1.0,Doğalgaz (Merkezi),900.0,75.000.000 TL,
ORTAKÖY'DE SATILIK YÜKSEK KİRA GETİRİLİ KOMPLE BİNA,5.0,2.0,Doğalgaz (Kombi),450.0,28.000.000 TL,
BEYOĞLUNDA BAKIMLI MÜSTAKİL BİNA,7.0,2.0,Doğalgaz (Kombi),450.0,29.500.000 TL,
BOSTANCI MERKEZDE 181 m² ARSA İÇİNDE SATILIK MÜSTAKİL BİNA,2.0,1.0,Doğalgaz (Kombi),181.0,32.000.000 TL,
AYBARS'DAN TARİHİ YELDEĞİRMENİ İSKELE SOK. KOMPLE SATILIK BİNA,4.0,2.0,Doğalgaz (Kombi),112.0,31.500.000 TL,
KAYIŞDAĞI MÜKEMMEL KONUMDA YATIRIMLIK BİNA,5.0,1.0,Doğalgaz (Kombi),204.0,18.000.000 TL,
Taksim Meydan'a 5 dk. Fırsat Komple Bina 4 kat / 8 daire,4.0,2.0,Doğalgaz (Kombi),532.0,19.480.000 TL,
ÇENGELKÖY MERKEZİNDE BAHÇE KULLANIMLI İKİ KATLI MÜSTAKİL EV,2.0,1.0,Doğalgaz (Kombi),250.0,13.000.000 TL,
Satılık Bina,7.0,1.0,Doğalgaz (Kombi),50.0,20.000.000 TL,
HER GÜN DEĞERİNE DEĞER SATILIK 5 KATLI BİNA,5.0,1.0,Doğalgaz (Kombi),800.0,35.000.000 TL,
Beşiktaş Barbaros Bulvarı Komple Satılık Bina,4.0,1.0,Doğalgaz (Kombi),120.0,50.000.000 TL,
YENİBOSNA MERKEZ DE SATILIK KOMPLE AİLE BİNASI,4.0,2.0,Doğalgaz (Kombi),266.0,25.000.000 TL,
KAĞITHANE ÇAĞLAYAN SATILIK KOMPLE BİNA 6 KAT İŞYERİ,6.0,1.0,Doğalgaz (Kombi),1.1,24.000.000 TL,
Beykoz Soğuksuda Beykoz Konaklarına Komşu Satılık Bina,3.0,1.0,Doğalgaz (Kombi),339.0,12.000.000 TL,
SATILIK KOMPLE BİNA 4 KATLI KANARYA KÜÇÜKÇEKMECE,4.0,1.0,Doğalgaz (Kombi),300.0,8.500.000 TL,
heybeli'de butik otel ya da aile apt.olabilecek bahçeli müstakil,3.0,1.0,Doğalgaz (Kombi),464.0,30.000.000 TL,
Beyoglu şişhanede satılık dükkanlı bina,6.0,1.0,Doğalgaz (Kombi),600.0,20.000.000 TL,
RUMELİ KAVAĞINDA SATILIK BİNA,3.0,1.0,Doğalgaz (Kombi),180.0,12.000.000 TL,
BEYOĞLU ASMALI MESCİT'TE SATILIK BİNA,6,1,Doğalgaz (Kombi),489.0,73.500.000 TL,
TAKSİM ŞİŞHANE MEYDANINDA TURİZM İMARLI 9 KATLI SATILIK BİNA,9 +,5 +,Yok,278.0,200.000.000 TL,
MİMARSİNAN KOLEJİNIN KARŞISI 140M ARSA İÇİNDE 5 DAİRELİK BİNA,5,1,Doğalgaz (Kombi),140.0,9.500.000 TL,
,,,,,,
THE ADDRESS'TE PENDİK'DE SATILIK KOMPLE PLAZA İŞYERİ,9 +,4,Doğalgaz (Merkezi),3.226,119.000.000 TL,
ATAŞEHİR AŞIK VEYSEL MAH. 179 M2 ARSAYA SAHİP 4 KATLI BİNA,4,1,Doğalgaz (Kombi),100.0,14.000.000 TL,
EKİP DEN E-5 ÜZERİ HASTANE RUHSATLI BİNA,5,1,Doğalgaz (Merkezi),1.4,70.000.000 TL,
BEYLİKDÜZÜ YAKUPLU SATILIK 4 DAİRELİ KOMPİLE BİNA,5,1,Doğalgaz (Kombi),243.0,17.000.000 TL,
EURO PLAZA OTELE 500 METRE MESAFEDE 3 KATLI SATILIK BİNA,3,1,Doğalgaz (Kombi),250.0,5.700.000 TL,
MÜKEMMEL KONUMDA YATIRIM FIRSATI BEYOĞLU'NDA SATILIK BİNA 6 KAT,6,2,Doğalgaz (Kombi),413.0,28.000.000 TL,
KARTAL E 5'E METROYA YÜRÜME MESAFESİNDE SATILIK KOMPLE BİNA,5,1,Doğalgaz (Kombi),275.0,31.700.000 TL,
HALKALI İSTASYON MAHALLESİ TAŞTEPE DE SATILIK BİNA TAPUKUR'dan,4,1,Doğalgaz (Kombi),300.0,8.800.000 TL,
NECİP FAZIL DA GENİŞ AİLERİN İÇİN 5 KATLI MÜSTAKİL AİLE BİNASI,5,1,Doğalgaz (Kombi),650.0,11.000.000 TL,
Beyoğlu Kalyoncukulluğu Cad. de 4 katlı Bina Komple Satılık,4,1,Kalorifer,320.0,14.000.000 TL,
Beykoz Kanlıca Mahallesi'nde 3 Katlı Satılık Müstakil Bina,3,2,Doğalgaz (Kombi),130.0,160.000.000 TL,
SULTANGAZİ CEBECİ TRAMVAYA YAKIN BİNA 5 KATLI,5,1,Doğalgaz (Kombi),116.0,9.250.000 TL,
İSTANBUL KANATLARINIZIN ALTINDA ***TEK YETKİLİ***,9 +,1,Doğalgaz (Kombi),1.2,87.000.000 TL,
YENİMAHALLEDE KOMPLE SATILIK BİNA 5 DAİRE 1 BODRUM 600m2,4,1,Doğalgaz (Kombi),300.0,13.650.000 TL,
KAĞITHANE'DE İÇİ DIŞI YENİLENMİŞ KDV AVANTAJLI SATILIK BİNA,5,5 +,Doğalgaz (Merkezi),1.5,40.500.000 TL,
YAVUZ EMLAKTAN KOMPLE SATILIK 5 KATLI BİNA,5,1,Doğalgaz (Kombi),820.0,30.000.000 TL,
MKARE'DEN ÇAĞLAYAN ADLİYESİNE YÜRÜME MESAFESİNDE SATILIK BİNA,4,1,Doğalgaz (Kombi),480.0,16.500.000 TL,
YATIRIMLIK KOMPLE BİNA SADECE ARSASI 8 MİLYON DEĞERİNDE,4,4,Doğalgaz (Kombi),348.0,12.500.000 TL,
SEZEN EMLAK TAN SATILIK BİNA NOTER SATIŞLI,3,2,Doğalgaz (Kombi),230.0,15.000.000 TL,
"İSTANBUL BEYOĞLU KARAKÖY DE , HOTEL İÇİN MÜSAİT, HARİKA BİR BINA",7,3,Doğalgaz (Kombi),2.0,450.000.000 TL,
MODA YOĞURTCU PARKINA CEPHELİ BEŞ KATLI KÖŞE BİNA ...,5,1,Doğalgaz (Kombi),210.0,31.000.000 TL,
MUHTEŞEM KONUMDA KOMPLE SATILIK İŞ MERKEZİ (KOMPLE BİNA),7,1,Doğalgaz (Kombi),2.665,79.500.000 TL,
TUZLA AYDINTEPE'DE SATILIK 5 KATLI KOMPLE BİNA,5,1,Doğalgaz (Kombi),95.0,5.945.000 TL,
NETA'DAN KADIKÖY'ÜN TARİHİ YELDEĞİRMENİNDE 4 KATLI MÜSTAKİL EV,4,1,Doğalgaz (Kombi),300.0,18.500.000 TL,
TATARBEY SOKAĞIN'DA 1000 M2 6 KATLI SATILIK BİNA...!,6,1,Yok,1.0,45.000.000 TL,
ERA YILDIZLAR'DAN ALTINŞEHİR METRO'YA YAKIN SATILIK BİNA,5,1,Doğalgaz (Kombi),208.0,20.500.000 TL,
BEYLİKDÜZÜ METROBÜS DURAĞI YANI BAŞINDA SATILIK BİNA,5,2,Doğalgaz (Kombi),1.2,37.500.000 TL,
SATILIK KOMPLE SIFIR İSKANLI BİNA ÖZEL YAPIM ULTRALÜKS DAİRELER,3,1,Doğalgaz (Kombi),725.0,25.600.000 TL,
Yalı Mahallesi'nde Satılık Komple Bina Sahile Yürüme Mesafesi,4,2,Doğalgaz (Kombi),400.0,35.000.000 TL,
SEBA İNŞAATIN SİTE YAPACAĞI YERDE SATILIK BİNA,4,1,Doğalgaz (Kombi),204.0,19.500.000 TL,
MUHTEŞEM LOKASYON ATAŞEHİR' de KAÇIRILMAYACAK FIRSAT BİNA,5,1,Doğalgaz (Kombi),750.0,40.000.000 TL,
Acil Satılık Bahçeli BİNA,4,1,Doğalgaz (Kombi),210.0,15.000.000 TL,
BAĞCILAR - KİRA GETİRİLİ SATILIK KOMPLE BİNA (Yatırımlık),4,1,Doğalgaz (Kombi),258.0,11.880.000 TL,
KÜÇÜK ÇAMLICA'DA 2.785m² MANZARALI & BAHÇELİ EMSALSİZ BİNA,6,1,VRV,2.785,275.000.000 TL,
SEYRANTEPE SANAYİ MAH 5 KAT ASANSÖRSÜZ 1200M2 BİNA,5,5 +,Yok,1.2,20.000.000 TL,
ACİL BEŞİKTAŞ MERKEZDE KİRA GETİRİSİ 200.000 TL5.KATLI 4. BİNA..,5,1,Doğalgaz (Kombi),185.0,56.000.000 TL,
PİYALEPAŞA'DA 3 DAİRE 1 DÜKKAN SATILIK BİNA,3,1,Doğalgaz (Kombi),270.0,9.250.000 TL,
SAHİBİNDEN FEVZİ PAŞA CADDESİNE 200 mt KELEPİR,4,1,Doğalgaz (Kombi),50.0,7.890.000 TL,
"Komple sıfırlanmış her işe uygun, müthiş lokasyonda bina.",5,1,Doğalgaz (Kombi),163.0,21.250.000 TL,
Büyükçekmece Gürpınar satılık müstakil bina,3,1,Doğalgaz (Kombi),150.0,11.250.000 TL,
SATILIK KAVACIK MERKEZDE HARIKA BİNA,5,1,Doğalgaz (Kombi),500.0,34.750.000 TL,
"PROJESİ HAZIR 2,5 KATLI BAHÇELİ KAGİR EV / AYBARS GAYRİMENKUL",2,1,Yok,125.0,13.000.000 TL,
Kadiköy Rıhtım' da SATILIK Tarihi Bakımlı Komple Bina,4,2,Doğalgaz (Kombi),260.0,16.250.000 TL,
İSTANBUL FATİHTE SATILIK BİNA,5,1,Doğalgaz (Kombi),70.0,11.700.000 TL,
GALATA LÜLECİ HENDEK CADDESİ PARALELİNDE SATILIK APART,6,4,Doğalgaz (Kombi),720.0,72.500.000 TL,
KAĞITHANE HARMANTEPE MAHALLESİ KOMPLE SATILIK BİNA,5,1,Klima,65.0,7.950.000 TL,
CORESCO'DAN TAKSİM KOCATEPE'DE SATILIK YAN YANA İKİ KOMPLE BİNA,8,2,Doğalgaz (Kombi),520.0,18.500.000 TL,
CORESCO'DAN TAKSİM KOCATEPE'DE SATILIK YAN YANA İKİ KOMPLE BİNA,8,2,Doğalgaz (Kombi),520.0,18.500.000 TL,
PENDİK'TE CADDE CEPHELİ 5 KATLI YATIRIMLIK FIRSAT BİNA+İŞYERİ,5,1,Doğalgaz (Kombi),196.0,14.000.000 TL,
İSTANBUL ÜSKÜDAR KÜÇÜKSU'DA SATILIK YATIRIMLIK BİNA,2,1,Doğalgaz (Kombi),120.0,15.000.000 TL,
,,,,,,
acil satılık bina Yenidoğan Sancaktepe,2,1,Doğalgaz (Kombi),175.0,6.850.000 TL,
EMİNÖNÜNDE HALİCE KARŞI SATILIK BİNA,5,1,Doğalgaz (Kombi),1.2,60.000.000 TL,
YAKUPLU DA SATILIK YENİ BİNA,5,2,Doğalgaz (Kombi),700.0,62.000.000 TL,
ÜMRANİYE BELEDİYESİ KARŞISINDA SATILIK BİNA,4,2,Doğalgaz (Kombi),221.0,26.400.000 TL,
YENİYAPI'DAN HALKALIDA KOMPLE SATILIK BİNA,4,2,Yerden Isıtma,800.0,36.250.000 TL,
SANCAKTEPE OSMANGAZİ MAH.4 KATLI BAKIMLI AİLE BİNASI,3,4,Doğalgaz (Kombi),234.0,8.500.000 TL,
Nuripaşa Hat Boyu Fişekhaneye Yakın 440m2 Komple Bina...,5,1,Doğalgaz (Kombi),400.0,22.000.000 TL,
Haliç Balat Da Caddeye Sıfır SATILIK Komple Bina Ticari-Konut,3,2,Yok,350.0,22.500.000 TL,
umraniye merkez fırsattır. NOTU OKUYUN.arsası 225 m2 sahibinden,3,2,Kalorifer,225.0,19.000.000 TL,
TAŞOLUK MAHALLESİ'NDE 3 KATLI SATILIK BİNA FIRSATTIR,3,1,Doğalgaz (Kombi),278.0,7.800.000 TL,
SULTANAHMET KÜÇÜK AYASOFYADA 4 KATLI SATILIK KOMPLE BİNA,4,1,Doğalgaz (Kombi),137.0,58.000.000 TL,
RİBA'DAN CİHANGİR'DE SATILIK KOMPLE BİNA,2,1,Yok,250.0,21.250.000 TL,
Heybeliada Merkezi Konum İskele Yakın Satılık 3 Katlı Bina,3,1,Doğalgaz (Kombi),300.0,8.700.000 TL,
2 KATLI MÜSTAKİL KÖŞE BAŞİ BİNA IKI YOL CEPHELİ 8.500.000,2,1,Doğalgaz (Kombi),145.0,8.500.000 TL,
ACİL SATILIK 4 KATLI MÜSTAKİL BİNA,4,1,Doğalgaz (Kombi),100.0,5.750.000 TL,
Cihangir'de Ana Caddede Köşe Parsel Dükkanlı Cumbalı Tarihi Bina,5,1,Doğalgaz (Kombi),425.0,95.000.000 TL,
satılık komple bina,4,1,Doğalgaz (Kombi),68.0,11.000.000 TL,
"GALATAPORT'A 2 DK MESAFEDE, ASANSÖRLÜ, KAT MÜLKİYETLİ YENİ BİNA",4,4,Doğalgaz (Kombi),310.0,28.000.000 TL,
KARAHAN EMLAKTAN MİNİBÜS CADDESİNE YAKIN SATILIK KOMPLE BİNA,3,1,Doğalgaz (Kombi),250.0,15.500.000 TL,
ARNAVUTKÖY / ANADOLU MAH./ KOMPLE SATILIK BİNA,7,1,Doğalgaz (Kombi),336.0,21.000.000 TL,
200.000 TL KİRACILI NİŞANTAŞI NDA YATIRIM FIRSATI!!!,9 +,2,VRV,1.0,89.000.000 TL,
GÜNEŞLİDE KURUMSAL KİRACILI 9000 m2 SATILIK FABRİKA BİNASI,5,1,Doğalgaz (Kombi),9.0,225.000.000 TL,
ÜSKÜDAR SELİMİYE'DE 3 KATLI İMARLI SATILIK BİNA,3,1,Doğalgaz (Kombi),90.0,16.000.000 TL,
ŞİŞLİ'DE OTEL OLMAYA MÜSAİT. 24 DAİRELİ BİNA.ASANSÖRLÜ,6,2,Doğalgaz (Kombi),397.0,169.000.000 TL,
REMAX IDEA'dan RUMELİHİSARI-BOĞAZ MANZARALI SATILIK BİNA,3,1,Doğalgaz (Kombi),300.0,19.000.000 TL,
BEŞİKTAŞ CADDESİ ÜZERİNDE 7 KAT 55 m2 ASANSÖRLÜ,7,1,Doğalgaz (Kombi),495.0,98.000.000 TL,
KW EVREN | NUR-U OSMANİYE CADDESİ ÜZERİNDE SATILIK KOMPLE BİNA,5,1,Doğalgaz (Merkezi),320.0,102.000.000 TL,
"Doğadan AİRBNB yasaya uygun, yeni boş 7 katlı deniz manzaralı",6,1,Yerden Isıtma,480.0,65.000.000 TL,
230 METRE ARSASI OLAN 5 KATLI SIFIR TİCARİ KÖŞEBAŞI BİNA,5,1,Yerden Isıtma,650.0,20.300.000 TL,
EYÜPSULTAN NİŞANCI MAHALLESİNDE E5'E YAKIN BİNA,3,1,Doğalgaz (Kombi),346.0,21.500.000 TL,
Ümraniye Çarşıda Satılık PLAZA,4,1,Doğalgaz (Kombi),420.0,34.000.000 TL,
AYDOS ORMANLARININ KIYISINDA SATILIK 1300M2KOMPLE BİNA,5,2,Doğalgaz (Kombi),1.21,78.000.000 TL,
BEYOĞLUN DA TOPLAM 4 PARSEL FIRSAT SATILIK BİNALAR,3,1,Doğalgaz (Kombi),525.0,17.900.000 TL,
SULTANAHMETTE BİTİŞİK NİZAM SATILIK 2 BİNA,4,1,Doğalgaz (Kombi),500.0,41.000.000 TL,
KOMPLE SATILIK SIFIR BİNA,5,1,Doğalgaz (Kombi),650.0,28.500.000 TL,
İSTANBUL / MALTEPE / İDEALTEPE SATILIK MÜSTAKİL BİNA,2,1,Doğalgaz (Kombi),187.0,18.000.000 TL,
Kartal'da Komple Satılık Krediye Uygun 4 Katlı Depolu Sıfır Bina,4,1,Doğalgaz (Kombi),383.0,15.800.000 TL,
SAHİBİNDEN MERKEZİ KONUMDA SATILIK 5 KATLI BİNA,5,1,Doğalgaz (Kombi),125.0,11.500.000 TL,
sahibinden satılık bina,4,1,Doğalgaz (Kombi),115.0,13.500.000 TL,
AHMEDİYE MAHALLESİ'NDE 3 KATLI GÖL MANZARALI KOMPLE SATILIK BİNA,3,2,Doğalgaz (Kombi),175.0,5.500.000 TL,
KOMPLE SATILIK BİNA,4,2,Doğalgaz (Kombi),190.0,12.000.000 TL,
"Kocasinan'da, 40 Daire Bulunan Yüksek Kira Getirili Bina",5,5 +,Doğalgaz (Kombi),1.435,15.500.000 TL,
Kaçırılmayacak Fırsat! Bina Doğalgaz (Kombi) Merkezi Konum Hastalık Sebebiyle Yok,4,2,Doğalgaz (Kombi),190.0,6.850.000 TL,
Beşiktaş Satılık Komple Yeni Bina Boğaz Manzara,4,4,Doğalgaz (Kombi),655.0,109.900.000 TL,
EMEK MH.DE 157 M2 ARSALI HASTANEYE YAKIN KOMPLE BİNA,3,1,Doğalgaz (Kombi),157.0,5.750.000 TL,
Renovated Historical Building in Galata,6,1,Doğalgaz (Kombi),500.0,95.000.000 TL,
OLD BANKERS'DAN KANDİLLİ DE İŞ MERKEZİ İÇİN İDEAL BINA,3,1,Doğalgaz (Kombi),380.0,57.000.000 TL,
CİHANGİR PÜRTELAŞ SOKAKTA SATILIK MÜSTAKİL BİNA,5,1,Doğalgaz (Kombi),194.0,12.000.000 TL,
BU FİYATA BÖYLE BİR YER YOK KASIMPAŞA MERKEZDE KAÇMAZ BİNA,4.0,1,Soba,150.0,3.500.000 TL,
ANADOLUHİSARI'nda TURİSTİK BÖLGEDE KOMPLE SATILIK BİNA,3.0,1,Doğalgaz (Kombi),350.0,30.000.000 TL,
Beşiktaş 4 katlı 6 daireli Full eşyalı Revizyonlu bina,4.0,2,Doğalgaz (Kombi),190.0,11.250.000 TL,
,,,,,,
ÜMRANİYE MODOKO İMES METRO DİBİNDE SATILIK 4 KATLI BİNA,4.0,1,Doğalgaz (Kombi),185.0,9.100.000 TL,
"Güngören'in en işlek caddesi ""Geçit Caddesi"" üzerinde",5.0,2,Yok,1.2,25.000.000 TL,
YENİKÖY'DE DENİZ MANZARALI KOMPLE BİNA FIRSATI !!!,4.0,1,Doğalgaz (Kombi),324.0,34.950.000 TL,
Ziraat Bankası'ndan İstanbul Esenler'de 3/16 Hisseli Bina,5.0,1,Soba,140.0,1.050.000 TL,
FATİH AYVANSARAYDA SATILIK KELEPİR SIFIR BİNA 30.000 Kira Getiri,4.0,1,Doğalgaz (Kombi),250.0,9.650.000 TL,
ÇINAR GAYRIMENKUL'DEN MASRAFSIZ KULLANIMA HAZIR KOMPLE BİNA,4.0,4,Doğalgaz (Kombi),180.0,10.950.000 TL,
Merter Keresteciler'de Çift Cad. Cepheli 1.700 m² Kiracılı Bina,6.0,1,Doğalgaz (Merkezi),1.7,130.000.000 TL,
Komple Satılık Krediye Uygun Bina,4.0,1,Doğalgaz (Kombi),164.0,8.500.000 TL,
BOĞAZ DENİZ MANZARALI BEYKOZ İSKELE YAKINI SATILIK 4 KATLI BİNA,4.0,1,Doğalgaz (Kombi),196.0,21.000.000 TL,
SATILIK BİNA,6.0,1,Doğalgaz (Kombi),98.0,9.700.000 TL,
BALAT MERKEZDE 5 KATLI APARTMAN,5.0,1,Doğalgaz (Kombi),350.0,15.500.000 TL,
DEMİRKOL İNŞAATTAN GÖZTEPE CADDE ÜZERİ SATILIK 6 KATLI BİNA,6.0,1,Doğalgaz (Kombi),680.0,25.000.000 TL,
ÜSKÜDAR BAĞLARBAŞINDA MÜSTAKİL BAHÇELİ BİNA FIRSAT,1.0,1,Doğalgaz (Kombi),200.0,19.750.000 TL,
CAPACİTY AVM KARŞI SOKAĞINDA KÖŞE BİNA,5.0,1,Doğalgaz (Kombi),510.0,36.000.000 TL,
BAHARİYE CADDESİNE 50MT ARAYICIBAŞI SOKAK DA KOMPLE SATILIK BİNA,7.0,1,Doğalgaz (Merkezi),650.0,27.500.000 TL,
AİLE İÇİN 5 KATLI SAHİBİNDEN SATILIK BİNA HAVUZLU BAHÇELİ,5.0,1,Doğalgaz (Kombi),177.0,24.650.000 TL,
C21 MELTEM YAMAN'dan Hasanpaşa da Arsa Fiyatına Komple Bina,7.0,2,Doğalgaz (Kombi),490.0,13.750.000 TL,
Okmeydanı Satılık Bina,4.0,2,Doğalgaz (Kombi),150.0,14.400.000 TL,
Satılık Geniş Doğa Manzaralı Yok Sahibinden Doğalgaz Sobası,2.0,1,Doğalgaz Sobası,743.0,425.000.000 TL,
FLORYA BASINKÖY DE YATIRIMLIK DENİZ MANZARALI SATILIK BİNA,5.0,1,Doğalgaz (Kombi),450.0,26.500.000 TL,
ORTAKÖY'DE BOĞAZ MANZARALI KOMPLE SATILIK BİNA,3.0,2,Doğalgaz (Merkezi),310.0,350.000.000 TL,
960 M2 SATILIK KOMPLE BİNA,6.0,5 +,Doğalgaz (Kombi),960.0,50.000.000 TL,
ABN 'den Yeşilköy Sahile & Beytiye 3-4 dk A+ Satılık 4049m2 Bina,5.0,2,Doğalgaz (Kombi),4.049,425.000.000 TL,
Karaköy de Merkezi Konumda Satılık Bina,5.0,1,Doğalgaz (Kombi),515.0,81.000.000 TL,
EVwest'tn 743M2 ARSALI TAPU NİTELİĞİ 2.DERECE TARİHİ KONAK,2.0,1,Doğalgaz Sobası,743.0,92.000.000 TL,
KOMPLE SATILIK 5 KATLI OTOPARKLI BİNA,5.0,1,Doğalgaz (Kombi),750.0,32.000.000 TL,
İstanbul Sultanbeyli mimarsinan mah.satilik 4 katlı bina,4.0,1,Doğalgaz (Kombi),120.0,20.500.000 TL,
Sahibinden Satılık Bina,5.0,2,Doğalgaz (Kombi),419.0,30.000.000 TL,
AVCILAR YEŞİLKENT MAH. KÖŞE BAŞI KONUMU GÜZEL,4.0,1,Doğalgaz (Kombi),140.0,16.500.000 TL,
[ZEYBEK'TEN] DUYGU HASTANESİ MEVKİNDE SATILIK BİNA,5.0,1,Doğalgaz (Kombi),90.0,10.000.000 TL,
PARSELLİ KAVAKPINARDA CADDE ÜZERİ SATILIK BİNA,3.0,2,Doğalgaz (Kombi),283.0,2.600.000 TL,
Sahibinden Talatpaşada Satılık 4 Katlı Müstakil Bina,4.0,1,Doğalgaz (Kombi),120.0,8.500.000 TL,
Taksim Meydana Yürüme Mesafesi'nde Satılık Komple Bina,4.0,3,Yok,720.0,47.250.000 TL,
Remax Olive Okay'dan Rami'de Aile İçin 300m2 Satılık Komple Bina,2.0,1,Doğalgaz (Kombi),300.0,11.500.000 TL,
MALTEPE BAĞDAT CD ÜZERİ KOMPLE BİNA VE ARSA EN KIYMETLİ YERİNDE,5.0,3,Doğalgaz (Kombi),2.5,495.000.000 TL,
SULTANAHMET'TE SATILIK KÖŞE BİNA,4.0,1,Doğalgaz Sobası,130.0,58.000.000 TL,
BALATTA HALİÇ MANZARALI 3 KATLI 750m² SATILIK BİNA,3.0,1,Doğalgaz (Kombi),750.0,28.000.000 TL,
Satılık 9/50 İmarlı Bina 6.500.000 TL,2.0,1,Soba,119.0,6.500.000 TL,
KUZGUNCUK MERKEZ DE BOĞAZ MANZARALI KOMPLE SATILIK BİNA,7.0,1,Doğalgaz (Kombi),595.0,34.000.000 TL,
Beyoğlu Karaköy'de Satılık 6 Katlı Butik Otel,5.0,5 +,VRV,1.06,350.000.000 TL,
KURUMSAL KİRACILI E-5 E YAKIN SATILIK 8500M2 BİNA,7.0,1,Doğalgaz (Kombi),8.5,98.000.000 TL,
VADİPARKA KOMŞU SATILIK BİNA,4.0,1,Doğalgaz (Kombi),95.0,14.500.000 TL,
EYÜP NİŞANCADA KOMPLE YENİLENMİŞ BİNA,4.0,1,Doğalgaz (Kombi),75.0,8.000.000 TL,
Building at very unique location in Istanbul!!!,6.0,1,Doğalgaz (Kombi),900.0,34.199.000 TL,
AKKARDEŞLERDEN KOMPLE SATILIK 3+1 130m2 1 AYA TESLİM 4 DAİRE.!,4.0,1,Doğalgaz (Kombi),130.0,13.500.000 TL,
HAZAR'DAN - YÜZYIL BARBAROS CADDE ÜZERİ - SATILIK BİNA -127 M²,6.0,1,Doğalgaz (Kombi),127.0,23.000.000 TL,
EXPERT SATIYOR.KAĞITHANE MERKEZDE 4.KATLI KOMPLE BİNA TEKYETKİLİ,4.0,1,Doğalgaz (Kombi),63.0,14.000.000 TL,
DENİZ MANZARALI SATILIK 4KATLI BİNA/عمارة للبيع 4 طوابق منظر بحر,4.0,1,Doğalgaz (Kombi),420.0,11.800.000 TL,
First Plan'den Beşiktaş Abbasağa'da 4 Katlı Komple Bina,4,1,Doğalgaz (Kombi),140.0,8.900.000 TL,
Esenyurt Kıraç'ta Hürriyet Mah. Komple Satılık Bina,4,1,Doğalgaz (Kombi),144.0,5.300.000 TL,
"SELİMPAŞADA BAHÇELİ, TERASLI, 4 DAİREDEN OLUŞAN 4 KATLI BİNA",4,1,Doğalgaz (Kombi),590.0,15.950.000 TL,
,,,,,,
"HARBİYE,DE TEMİZ KAT MÜLKİYETLİ 4 KATLI 200M2 BİNA",4,1,Doğalgaz (Kombi),200.0,10.800.000 TL,
BAĞCILAR MEDİPOL HASTANESİ YAKININDA SATILIK YENİ BİNA,4,1,Doğalgaz (Kombi),131.0,21.500.000 TL,
C21 PERFECT'TEN BAKIRKÖY FİLİZ CADDESİ ÜZERİNDE SATILIK BİNA !!!,4,1,Doğalgaz (Kombi),225.0,16.500.000 TL,
ÇATALCA MERKEZ'DE KOMPLE SATILIK BİNA VE BAHÇESİ 18.750.000TL,4,1,Doğalgaz (Kombi),165.0,18.750.000 TL,
HAN EMLAK'TAN ÜMRANİYE MODOKO CİVARINDA NATOYOLU 1500m2 KOMPLe,5,2,Doğalgaz (Kombi),1.5,25.750.000 TL,
ÜLKEM'DEN SÖĞÜTLÜÇEŞME MAH 4 KATLI İSKANLI YENİ SATILIK BİNA,4,1,Doğalgaz (Merkezi),280.0,7.500.000 TL,
Şişhane'de Manzaralı Satılık 4 Katlı Tarihi Bina,4,1,Doğalgaz (Kombi),305.0,29.500.000 TL,
KOŞUYOLU'NDA KONUT VE İŞ YERİ İÇİN UYGUN SIFIR KOMPLE BİNA,5,1,Doğalgaz (Kombi),365.0,28.000.000 TL,
REMAX GERÇEKTEN KEMERBURGAZ MERKEZİNDE SIFIR SATILIK BİNA,4,1,Doğalgaz (Kombi),650.0,70.000.000 TL,
"WESTSIDE'DAN BEYOĞLU'NDA, KÖŞE KONUMLU, 5 KATLI TARİHİ BİNA",5,1,Doğalgaz (Kombi),410.0,110.000.000 TL,
Ataşehir Finans Merkezi Yanı Satılık Bina,5,1,Yok,2.0,262.500.000 TL,
SULTANGAZİ 50.YIL MAH. SATILIK 7 KATLI BİNA,7,1,Doğalgaz (Kombi),120.0,15.000.000 TL,
PENDİK MARMARAY İSTASYON KARŞISINDA SATILIK İKİ BİNA,4,1,Doğalgaz (Kombi),1.488,350.000.000 TL,
"NOKTA'dan Deniz Manzaralı 450m2 Bahçe içinde 3,5 Katlı Bina",3,1,Doğalgaz (Kombi),450.0,14.000.000 TL,
'ATAKÖY POZİTİF EMLAK'AKSARAY MERKEZ DE BİNA 8 DAİRE 1 DÜKKAN,5,2,Doğalgaz (Kombi),800.0,36.750.000 TL,
ARNAVUTKÖY ANADOLU MAH SATILIK 5 KATLI SIFIR BİNA,5,1,Doğalgaz (Kombi),500.0,9.950.000 TL,
**Remax Öncü*Yusuf Kurt** Sultanbeyli Yanyol'da Satılık Bina,2,1,Soba,340.0,9.000.000 TL,
Cihangir'de Göbekte (A)Plus Ultra Lüks Karakterli Rezidans Bina,9 +,3,Doğalgaz (Merkezi),1.584,270.000.000 TL,
satılı bina,4,2,Doğalgaz (Kombi),350.0,60.000.000 TL,
YENİKÖY KÖYBAŞI CADDESİ YALILAR KARŞISINDA 3 DAİRELİ APARTMAN,4,1,Doğalgaz (Kombi),320.0,58.000.000 TL,
SARIYER'DE BEŞ ( 5 ) DAİRELİ SATILIK KOMPLE BİNA,5,1,Doğalgaz (Kombi),600.0,14.375.000 TL,
SAMANDRA OSMANGAZİ MAH. 303m2 ARSA İÇERİSİNDE ACİL SATILIK BİNA,3,2,Doğalgaz (Kombi),130.0,12.250.000 TL,
Galata Port'a Yürüme Mesafesinde Satılık Komple Bina,4,1,Doğalgaz (Kombi),220.0,22.000.000 TL,
BEŞİKTAŞ'ın MERKEZİNDE KOMPLE SATILIK 6 KATLI BİNA,6,1,Doğalgaz (Kombi),400.0,120.000.000 TL,
BARBAROS CADDESİ ÜZERİNDE 6 KATLI KİRACILI 900 M2 KOMPLE BİNA,6,1,Doğalgaz (Kombi),900.0,18.000.000 TL,
ACİL KELEPİR 11 DAİRE 4 DÜKKAN 960 m2 ARSASIYLA BİRLİKTE,8,2,Doğalgaz (Kombi),2.3,30.000.000 TL,
Seymende üç katlı tek daire fiyatına üç kat,3,1,Doğalgaz (Kombi),540.0,4.000.000 TL,
KUMBURGAZ'DA DENİZ MANZARALI KOMPLE SATILIK SIFIR BİNA,3,1,Doğalgaz (Kombi),313.0,16.000.000 TL,
BAYRAMPAŞA ALTINTEPSİ MAHALLESİNDE 4 KATLI SATILIK BİNA,4,1,Doğalgaz (Kombi),58.0,7.350.000 TL,
BEYLİKDÜZÜ METROBÜSTE SATILIK75 ODA 150 YATAKLI YURT BİNASI,8,5 +,Doğalgaz (Merkezi),4.5,165.000.000 TL,
İhtiyaçtan satılık ev ve arsa,3,1,Doğalgaz (Kombi),305.0,6.500.000 TL,
MERKEZİ KONUMDA.. SATILIK.. 5 KATLI.. KOMPLE BİNA + DÜKKAN,5,1,Doğalgaz (Kombi),800.0,60.000.000 TL,
REMAX ŞİRVAN'DAN ÇEKMEKÖY ALEMDAĞ'DA YATIRIMA UYGUN SATILIK BİNA,2,1,Doğalgaz (Kombi),1.0,15.500.000 TL,
PUSULA FLORYA'dan BALAT HASTANESİ KARŞISI KOMPLE SATILIK BİNA.,3,1,Doğalgaz (Kombi),150.0,14.250.000 TL,
SULTANBEYLİ MEHMET AKİF MAHALLESİNDE SATILIK MÜSTAKİL BİNA,3,1,Doğalgaz (Kombi),600.0,10.500.000 TL,
"Heybeliadanın merkezinde, altı işyeri üç daireli bina.",4,3,Doğalgaz (Kombi),72.0,17.000.000 TL,
PAMA'dan AYDINLI MERKEZDE 217 M2 ARSA ÜZERİNDE 2 KATLI BİNA,2,1,Doğalgaz (Kombi),120.0,6.350.000 TL,
KAĞITHANE PLAZALAR BÖLGESINDE KOMPLE SATILIK BİNA,3,2,Doğalgaz (Kombi),450.0,26.500.000 TL,
ERD EMLAK TAN BAYRAMPAŞA DA KOMPLE SATILIK BİNA,5,1,Doğalgaz (Kombi),111.0,8.500.000 TL,
ŞİSHANE METROYA 9 DK MESAFEDE OTELE UYGUN 110 M2 KÖŞE 2 PARSEL,3,2,Yok,300.0,9.500.000 TL,
SAHİBİNDEN 3+1 135m2 GENİŞ DAİRELER ULTRA GENİŞ HOL satılık bina,3,1,Doğalgaz (Kombi),135.0,7.600.000 TL,
CADDE ÜZERİ KÖŞE BİNA SATILIK,6,1,Doğalgaz (Kombi),720.0,34.000.000 TL,
SAHİBİNDEN MERKEZE 500 M. UZAKLİKTA BİNA (Kisa sureligine ),4,1,Soba,146.0,2.999.000 TL,
TELEVİ'DEN BAĞDAT CAD. 2000M2 KAPALI ALANLI DENİZ MANZARALI BİNA,8,2,Doğalgaz (Kombi),2.0,141.000.000 TL,
Fatih Balat'ta Satılık Bina,3,1,Doğalgaz (Kombi),45.0,8.500.000 TL,
Fatih Balat'ta 2 Satılık Bina,3,1,Doğalgaz (Kombi),90.0,18.000.000 TL,
MERKEZİ LOKASYONA YAKIN BAHÇELİ VE DEKARASYONLU SATILIK BİNA,4,4,Doğalgaz (Kombi),390.0,10.000.000 TL,
Kadıköy Yeldeğirmeninde 4 katlı kelepir bina,4,1,Doğalgaz (Kombi),67.0,10.000.000 TL,
Bayrampaşa Altıntepsi'de Satılık 6 Katlı Yatırımlık Bina,6,4,Doğalgaz (Kombi),118.0,13.500.000 TL,
Yenibosna Okullar Bölgesinde 5Daire 2Dükkan Komple Satılık Bina,7,1,Doğalgaz (Kombi),105.0,15.400.000 TL,
,,,,,,
VATANDAŞLIĞA UYGUN 8 DAİRE 2 DÜKKAN İSKANLI KOMPLE SATILIK BİNA,4,2,Doğalgaz (Kombi),600.0,28.000.000 TL,
Galatasaray Lisesinin karşısında Satılık Turizime uygun bina,5,1,Klima,480.0,62.000.000 TL,
FEEDER VESSEL'DAN MUHTEŞEM LOKASYONDA SATILIK PLAZA,6,1,Doğalgaz (Kombi),2.07,300.000.000 TL,
BEBEK'TE BOĞAZ MANZARALI SATILIK OFİS BİNALARI,4,1,Doğalgaz (Kombi),1.05,210.000.000 TL,
KAYIŞDAĞI YEDİTEPE ÜNİVERSİTESİ YANI ÇOK UYGUN FİYATLI LÜKS BİNA,5,3,Doğalgaz (Kombi),740.0,39.000.000 TL,
AVCILAR FİRÜZKÖY'DE SATILIK KOMPLE BİNA,3,1,Doğalgaz (Kombi),150.0,5.150.000 TL,
EYÜP'TE SATILIK KOMPLE BİNA,5,1,Doğalgaz (Kombi),500.0,15.600.000 TL,
Asia dan Kavakpınarda 5 Daire Satılık Bina,5,1,Doğalgaz (Kombi),171.0,6.850.000 TL,
,,,,,,
AKKAYA EMLAKTAN MUHTEŞEM DENİZ MANZARALI HAVUZLU SATILIK VİLLA,3,3,Doğalgaz (Kombi),314.0,11.900.000 TL,
KARAKÖY TERSHANE CADDESİNDE SATILIK KOMPLE BİNA,9 +,1,Doğalgaz (Kombi),1.45,195.000.000 TL,
SULTANBEYLİ TURGUT REİS MAH SATILIK KOMPLE BİNA,2,1,Doğalgaz (Kombi),230.0,4.499.000 TL,
BALATTA SATILIK 4 KATLI TARİHİ BİNA,4,1,Yok,224.0,5.600.000 TL,
BALATTA SATILIK SAHİLE YAKIN 3 KATLI KÖŞE BAŞI BİNA,3,1,Doğalgaz (Kombi),170.0,5.500.000 TL,
SERDAR-I EKREM CADDESİ HOCA ALİ SOKAK DA FIRSAT SATILIK BİNA,6,1,Yok,550.0,37.500.000 TL,
CORESCO'DAN KÜÇÜK ÇAMLICA'DA TEK DAİRE FİYATINA SATILIK APARTMAN,5,1,Doğalgaz (Kombi),550.0,20.250.000 TL,
ŞİMŞEK EMLAK'TAN ÇOCUKÇULAR VE KUMAŞÇILARA YAKIN FIRSA BİNA,5,1,Doğalgaz (Kombi),250.0,15.000.000 TL,
SARIYER MERKEZ SATILIK BİNA,2,2,Doğalgaz (Kombi),1.1,51.000.000 TL,
BAYRAMPAŞA SAĞMALCILAR'DA SATILIK BİNA (FORUM İSTANBUL'A 5DK),2,1,Doğalgaz Sobası,350.0,8.650.000 TL,
AKARCA EMLAK'TAN NAMIK KEMAL MAHALLE'SİNDE SATILIK BİNA....,4,2,Doğalgaz (Kombi),150.0,6.400.000 TL,
Bebek'te Saklı Bahçe 5 Katlı Boğaz Manzaralı Bina,5,1,Doğalgaz (Kombi),800.0,48.500.000 TL,
TİCARİ + KONUT Cadde üzeri köşe başı sıfır fırsat bina *****,7,2,Doğalgaz (Kombi),1.6,92.500.000 TL,
BAĞCILAR MEYDANA YAKIN FATİH CADDESİNDE SATILIK BİNA,6,2,Doğalgaz (Kombi),1.15,57.000.000 TL,
MALTEPE GÜLENSU'DA 197 M2 ARSA İÇİNDE 3 KATLI+OTOPARKLI BAHÇELİ,3,1,Doğalgaz (Kombi),197.0,4.700.000 TL,
HAN EMLAK'TAN ÜMRANİYE HUZUR METROYA 5DK 240m2 ARSA KOMPLE BİNAA,5,1,Doğalgaz (Kombi),450.0,13.750.000 TL,
KUMKAPI TÜRKELİ CD 1 SOKAK MEAFEDE 161 M2 ARSA İÇİNDE 3 KAT BİNA,3,3,Doğalgaz (Kombi),220.0,17.000.000 TL,
Karaköy Kemankeş Caddesi Restorasyonu Tamamlanmış Tarihi Bina,6,3,Doğalgaz (Merkezi),2.028,535.000.000 TL,
SMARTPROJE'DEN SATILIK LALELİ TURİZM ALANI İÇİNDE 450M2 BİNA,7,1,Doğalgaz (Kombi),450.0,85.000.000 TL,
Lüx Ferah Açık Otopark Var Merkeze 5 dk Uzaklıkta Doğalgaz (Kombi) Satılık,6,1,Doğalgaz (Kombi),2.07,11.000.000 TL,
BEŞİKTAŞ'TA YATIRIMCIYA ÖZEL 4 KATLI SATILIK KOMPLE SIFIR BİNA,4,1,Doğalgaz (Kombi),150.0,7.500.000 TL,
BAĞCILAR KİRAZLI METRO YANINDA SATILIK 5 KATLI BİNA,5,1,Doğalgaz (Kombi),550.0,8.350.000 TL,
SARIYER MADEN DE 2 KATLI BİNA CADDE ÜSTÜNDE EV VE İŞYERİ FIRSAT,2,1,Doğalgaz (Kombi),260.0,14.000.000 TL,
BİNKILIÇTA KÖY MERKEZİNDE 3 KATLI KOMPLE BİNA,3,1,Soba,285.0,3.000.000 TL,
Küçük Pazar'da 'Restorasyon Onaylı' Tescilli Tarihi Bina,4,1,Yok,160.0,7.400.000 TL,
TAKSİM'DE MERKEZİ KONUMDA YENİ BİNA,4,1,Klima,200.0,11.000.000 TL,
COLDWELL BANKER THETA KADIKÖY SATILIK KOMPLE BİNA 680 M2,7,5 +,Doğalgaz (Merkezi),680.0,37.750.000 TL,
"FULL DENİZ M, ŞUBAT 23 TE 44 MİLYON EKPERTİZLİ BİNA+2500 M2 ARSA",4,2,Doğalgaz (Kombi),1.6,51.900.000 TL,
ASİA'dan Ankara Caddesine Cephe 2+1 5 Daire 1 Dükkan Satılık,5,2,Doğalgaz (Kombi),115.0,16.500.000 TL,
SUNA TABAKÇI'dan BEYOĞLU İSTİKLAL CADDESİ SATILIK TİCARİ BİNA,8,2,Yok,600.0,90.000.000 TL,
LALELİ SARAÇ İSHAK'TA OTELE UYGUN KOMPLE SATILIK BİNA,9 +,5 +,Doğalgaz (Merkezi),2.0,125.000.000 TL,
Beyoğlu İstiklal Caddesine 4. Bina Komple Satılık Bina,8,1,Klima,460.0,63.000.000 TL,
Aynalıçeşme'de Tarihi Dokuda 3 Katlı Satılık Müstakil Ev,3,1,Doğalgaz (Kombi),180.0,6.000.000 TL,
SÜPER KONUMLU ÇIRAĞAN'DA SAHİLE ÇOK YAKIN BİNA,4,1,Doğalgaz (Kombi),350.0,16.000.000 TL,
GALATAPORT KARŞISI OTEL VEYA İŞYERİNE UYGUN SATILIK BİNA,5,1,Klima,600.0,87.750.000 TL,
ÜMRANİYE IHLAMURKUYU KOMPLE SATILIK 6 KATLI BİNA METROYA YAKIN,6,1,Doğalgaz (Kombi),800.0,14.300.000 TL,
MKA KONUT A.Ş.HOTEL VE REZİDANS BÖLGESİ SATILIK 2600M2 HAN,8,1,Yok,2.6,100.000.000 TL,
İSTANBUL FATİH TE KOMPLE SATILIK YENİ BİNA...,5,1,Doğalgaz (Kombi),90.0,12.000.000 TL,
İstanbul BAĞCILAR BAĞLAR MAH Koçman CADDE ÜZERİ SATILIK BİNA,3,2,Doğalgaz (Kombi),575.0,40.000.000 TL,
ÇOK ACİL AVCILAR YEŞİLKENT MAHALLESİNDE SATILIK 6 DAİRELİK BİNA,7,1,Doğalgaz (Kombi),120.0,4.750.000 TL,
